#2026 08 14 08:07:17.452#Z#INFO#2a9679fe-97b7-11f1-91c3-eeee0a9f1a4c.OPERATION#http-nio-0.0.0.0-8080-exec-1#
[XS2StartProcessListener] Operation ID: 2a9679fe-97b7-11f1-91c3-eeee0a9f1a4c#
#2026 08 14 08:07:17.474#Z#DEBUG#2a9679fe-97b7-11f1-91c3-eeee0a9f1a4c.OPERATION#http-nio-0.0.0.0-8080-exec-1#
[XS2StartProcessListener] Process environment: {
  "SKIP_SSL_VALIDATION" : "false",
  "FLOWABLE_JOB_EXECUTOR_MAX_THREADS" : "32",
  "VERSION" : "2.51.0",
  "BASIC_AUTH_ENABLED" : "true",
  "FLOWABLE_JOB_EXECUTOR_QUEUE_CAPACITY" : "16",
  "FLOWABLE_JOB_EXECUTOR_CORE_THREADS" : "8"
}#
#2026 08 14 08:07:17.474#Z#DEBUG#2a9679fe-97b7-11f1-91c3-eeee0a9f1a4c.OPERATION#http-nio-0.0.0.0-8080-exec-1#
[XS2StartProcessListener] Current user: kowshikvasan9090@gmail.com#
#2026 08 14 08:07:17.474#Z#DEBUG#2a9679fe-97b7-11f1-91c3-eeee0a9f1a4c.OPERATION#http-nio-0.0.0.0-8080-exec-1#
[XS2StartProcessListener] Client space: dev#
#2026 08 14 08:07:17.474#Z#DEBUG#2a9679fe-97b7-11f1-91c3-eeee0a9f1a4c.OPERATION#http-nio-0.0.0.0-8080-exec-1#
[XS2StartProcessListener] Client organization: 9231c958trial#
#2026 08 14 08:07:17.474#Z#INFO#2a9679fe-97b7-11f1-91c3-eeee0a9f1a4c.OPERATION#http-nio-0.0.0.0-8080-exec-1#
[XS2StartProcessListener] Process variables: {
  "keepFiles" : false,
  "skipAppDigestCalculation" : false,
  "abortOnError" : false,
  "mtaId" : "loyalty-rewards",
  "noFailOnMissingPermissions" : false,
  "isSecurityEnabled" : false,
  "apiRequestPath" : "https://deploy-service.cf.us10-001.hana.ondemand.com/api/v1/spaces/2f8af6dc-e97b-487c-9ee9-8b1bb9eeccbd/operations",
  "deleteServiceBrokers" : false,
  "appArchiveId" : "dc7f9eeb-d628-4511-b3b3-99c98a6ff4b0",
  "isDisposableUserProvidedServiceEnabled" : false,
  "deleteServiceKeys" : false,
  "noRestartSubscribedApps" : false,
  "noStart" : false,
  "deleteServices" : false
}#
#2026 08 14 08:07:17.592#Z#DEBUG#2a9679fe-97b7-11f1-91c3-eeee0a9f1a4c.OPERATION#flowable-async-job-executor-thread-16279#
[ValidateDeployParametersStep] Executing task "validateParametersTask" of process "2a96a134-97b7-11f1-91c3-eeee0a9f1a4c"...#
#2026 08 14 08:07:17.592#Z#DEBUG#2a9679fe-97b7-11f1-91c3-eeee0a9f1a4c.OPERATION#flowable-async-job-executor-thread-16279#
[ValidateDeployParametersStep] Validating parameters...#
#2026 08 14 08:07:17.602#Z#INFO#2a9679fe-97b7-11f1-91c3-eeee0a9f1a4c.OPERATION#flowable-async-job-executor-thread-16279#
[ValidateDeployParametersStep] Size of mtars is 6,808,854 and size of extension descriptors is 0#
#2026 08 14 08:07:17.636#Z#INFO#2a9679fe-97b7-11f1-91c3-eeee0a9f1a4c.OPERATION#flowable-async-job-executor-thread-16279#
[ValidateDeployParametersStep] Archive was not split! Total size in bytes: 6,808,854#
#2026 08 14 08:07:17.636#Z#INFO#2a9679fe-97b7-11f1-91c3-eeee0a9f1a4c.OPERATION#flowable-async-job-executor-thread-16279#
[ValidateDeployParametersStep] Deploying in org "9231c958trial" and space "dev"#
#2026 08 14 08:07:17.664#Z#DEBUG#2a9679fe-97b7-11f1-91c3-eeee0a9f1a4c.OPERATION#flowable-async-job-executor-thread-16279#
[ValidateDeployParametersStep] Parameters validated#
#2026 08 14 08:07:17.664#Z#DEBUG#2a9679fe-97b7-11f1-91c3-eeee0a9f1a4c.OPERATION#flowable-async-job-executor-thread-16279#
Step "Validate Parameters" finished#
#2026 08 14 08:07:17.823#Z#DEBUG#2a9679fe-97b7-11f1-91c3-eeee0a9f1a4c.OPERATION#flowable-async-job-executor-thread-16280#
[DeleteRemainingFileParts] Executing task "deleteRemainingFileParts" of process "2a96a134-97b7-11f1-91c3-eeee0a9f1a4c"...#
#2026 08 14 08:07:17.824#Z#DEBUG#2a9679fe-97b7-11f1-91c3-eeee0a9f1a4c.OPERATION#flowable-async-job-executor-thread-16280#
Step "Delete Remaining File Parts" finished#
#2026 08 14 08:07:17.938#Z#DEBUG#2a9679fe-97b7-11f1-91c3-eeee0a9f1a4c.OPERATION#flowable-async-job-executor-thread-16281#
[XS2ProcessMtaArchiveStep] Executing task "processArchiveTask" of process "2a96a134-97b7-11f1-91c3-eeee0a9f1a4c"...#
#2026 08 14 08:07:17.939#Z#DEBUG#2a9679fe-97b7-11f1-91c3-eeee0a9f1a4c.OPERATION#flowable-async-job-executor-thread-16281#
[XS2ProcessMtaArchiveStep] Processing MTA archive...#
#2026 08 14 08:07:17.939#Z#DEBUG#2a9679fe-97b7-11f1-91c3-eeee0a9f1a4c.OPERATION#flowable-async-job-executor-thread-16281#
[XS2ProcessMtaArchiveStep] MTA Archive ID: dc7f9eeb-d628-4511-b3b3-99c98a6ff4b0#
#2026 08 14 08:07:18.132#Z#DEBUG#2a9679fe-97b7-11f1-91c3-eeee0a9f1a4c.OPERATION#flowable-async-job-executor-thread-16281#
[XS2ProcessMtaArchiveStep] MTA Descriptor length: 3,748#
#2026 08 14 08:07:18.132#Z#DEBUG#2a9679fe-97b7-11f1-91c3-eeee0a9f1a4c.OPERATION#flowable-async-job-executor-thread-16281#
[XS2ProcessMtaArchiveStep] MTA Archive Modules: [loyalty-rewards-srv, loyalty-rewards-app-deployer, loyalty-rewards-db-deployer, loyalty-rewards]#
#2026 08 14 08:07:18.132#Z#DEBUG#2a9679fe-97b7-11f1-91c3-eeee0a9f1a4c.OPERATION#flowable-async-job-executor-thread-16281#
[XS2ProcessMtaArchiveStep] MTA Archive Requires: []#
#2026 08 14 08:07:18.132#Z#DEBUG#2a9679fe-97b7-11f1-91c3-eeee0a9f1a4c.OPERATION#flowable-async-job-executor-thread-16281#
[XS2ProcessMtaArchiveStep] MTA Archive Resources: [loyalty-rewards-auth]#
#2026 08 14 08:07:18.144#Z#DEBUG#2a9679fe-97b7-11f1-91c3-eeee0a9f1a4c.OPERATION#flowable-async-job-executor-thread-16281#
[XS2ProcessMtaArchiveStep] MTA archive processed#
#2026 08 14 08:07:18.144#Z#DEBUG#2a9679fe-97b7-11f1-91c3-eeee0a9f1a4c.OPERATION#flowable-async-job-executor-thread-16281#
Step "Process Archive" finished#
#2026 08 14 08:07:18.183#Z#DEBUG#2a9679fe-97b7-11f1-91c3-eeee0a9f1a4c.OPERATION#flowable-async-job-executor-thread-16282#
[ProcessMtaExtensionDescriptorsStep] Executing task "processExtensionDescriptorsTask" of process "2a96a134-97b7-11f1-91c3-eeee0a9f1a4c"...#
#2026 08 14 08:07:18.184#Z#DEBUG#2a9679fe-97b7-11f1-91c3-eeee0a9f1a4c.OPERATION#flowable-async-job-executor-thread-16282#
[ProcessMtaExtensionDescriptorsStep] Processing MTA extension descriptors...#
#2026 08 14 08:07:18.185#Z#DEBUG#2a9679fe-97b7-11f1-91c3-eeee0a9f1a4c.OPERATION#flowable-async-job-executor-thread-16282#
[ProcessMtaExtensionDescriptorsStep] Provided extension descriptors: [ ]#
#2026 08 14 08:07:18.185#Z#DEBUG#2a9679fe-97b7-11f1-91c3-eeee0a9f1a4c.OPERATION#flowable-async-job-executor-thread-16282#
[ProcessMtaExtensionDescriptorsStep] No extension descriptors in use#
#2026 08 14 08:07:18.185#Z#DEBUG#2a9679fe-97b7-11f1-91c3-eeee0a9f1a4c.OPERATION#flowable-async-job-executor-thread-16282#
[ProcessMtaExtensionDescriptorsStep] MTA extension descriptors processed#
#2026 08 14 08:07:18.185#Z#DEBUG#2a9679fe-97b7-11f1-91c3-eeee0a9f1a4c.OPERATION#flowable-async-job-executor-thread-16282#
Step "Process Extension Descriptors" finished#
#2026 08 14 08:07:18.352#Z#DEBUG#2a9679fe-97b7-11f1-91c3-eeee0a9f1a4c.OPERATION#flowable-async-job-executor-thread-16283#
[XS2DetectMtaSchemaVersionStep] Executing task "detectSchemaVersionTask" of process "2a96a134-97b7-11f1-91c3-eeee0a9f1a4c"...#
#2026 08 14 08:07:18.362#Z#DEBUG#2a9679fe-97b7-11f1-91c3-eeee0a9f1a4c.OPERATION#flowable-async-job-executor-thread-16283#
[XS2DetectMtaSchemaVersionStep] Detecting MTA major schema version...#
#2026 08 14 08:07:18.372#Z#INFO#2a9679fe-97b7-11f1-91c3-eeee0a9f1a4c.OPERATION#flowable-async-job-executor-thread-16283#
[XS2DetectMtaSchemaVersionStep] Detected MTA schema version: "3"#
#2026 08 14 08:07:18.393#Z#DEBUG#2a9679fe-97b7-11f1-91c3-eeee0a9f1a4c.OPERATION#flowable-async-job-executor-thread-16283#
Step "Detect Schema Version" finished#
#2026 08 14 08:07:18.576#Z#DEBUG#2a9679fe-97b7-11f1-91c3-eeee0a9f1a4c.OPERATION#flowable-async-job-executor-thread-16284#
[MergeDescriptorsStep] Executing task "mergeDescriptorsTask" of process "2a96a134-97b7-11f1-91c3-eeee0a9f1a4c"...#
#2026 08 14 08:07:18.580#Z#DEBUG#2a9679fe-97b7-11f1-91c3-eeee0a9f1a4c.OPERATION#flowable-async-job-executor-thread-16284#
[MergeDescriptorsStep] Validating and merging descriptors...#
#2026 08 14 08:07:18.585#Z#DEBUG#2a9679fe-97b7-11f1-91c3-eeee0a9f1a4c.OPERATION#flowable-async-job-executor-thread-16284#
[MergeDescriptorsStep] Merged deployment descriptor: {
  "majorSchemaVersion" : 3,
  "schemaVersion" : "3.3.0",
  "id" : "loyalty-rewards",
  "version" : "1.0.0",
  "modules" : [ {
    "majorSchemaVersion" : 3,
    "name" : "loyalty-rewards-srv",
    "type" : "javascript.nodejs",
    "path" : "loyalty-rewards-srv",
    "properties" : { },
    "parameters" : {
      "buildpack" : "nodejs_buildpack",
      "instances" : 1
    },
    "requiredDependencies" : [ {
      "majorSchemaVersion" : 3,
      "name" : "********",
      "properties" : { },
      "parameters" : { },
      "propertiesMetadata" : {
        "metadata" : { }
      },
      "parametersMetadata" : {
        "metadata" : { }
      }
    }, {
      "majorSchemaVersion" : 3,
      "name" : "loyalty-rewards-db",
      "properties" : { },
      "parameters" : { },
      "propertiesMetadata" : {
        "metadata" : { }
      },
      "parametersMetadata" : {
        "metadata" : { }
      }
    } ],
    "providedDependencies" : [ {
      "majorSchemaVersion" : 3,
      "name" : "srv-api",
      "isPublic" : false,
      "properties" : {
        "srv-url" : "${default-url}"
      },
      "parameters" : { },
      "propertiesMetadata" : {
        "metadata" : { }
      },
      "parametersMetadata" : {
        "metadata" : { }
      }
    }, {
      "majorSchemaVersion" : 3,
      "name" : "loyalty-rewards-srv",
      "isPublic" : false,
      "properties" : { },
      "parameters" : { },
      "propertiesMetadata" : {
        "metadata" : { }
      },
      "parametersMetadata" : {
        "metadata" : { }
      }
    } ],
    "propertiesMetadata" : {
      "metadata" : { }
    },
    "parametersMetadata" : {
      "metadata" : { }
    },
    "hooks" : [ ]
  }, {
    "majorSchemaVersion" : 3,
    "name" : "loyalty-rewards-db-deployer",
    "type" : "com.sap.xs.hdi",
    "path" : "loyalty-rewards-db-deployer",
    "properties" : {
      "EXIT" : 1
    },
    "parameters" : {
      "memory" : "256M",
      "buildpack" : "nodejs_buildpack",
      "no-route" : true,
      "dependency-type" : "hard",
      "tasks" : [ {
        "name" : "deploy",
        "memory" : "256M",
        "command" : "npm start"
      } ],
      "no-start" : true
    },
    "requiredDependencies" : [ {
      "majorSchemaVersion" : 3,
      "name" : "loyalty-rewards-db",
      "properties" : { },
      "parameters" : { },
      "propertiesMetadata" : {
        "metadata" : { }
      },
      "parametersMetadata" : {
        "metadata" : { }
      }
    } ],
    "providedDependencies" : [ {
      "majorSchemaVersion" : 3,
      "name" : "loyalty-rewards-db-deployer",
      "isPublic" : false,
      "properties" : { },
      "parameters" : { },
      "propertiesMetadata" : {
        "metadata" : { }
      },
      "parametersMetadata" : {
        "metadata" : { }
      }
    } ],
    "propertiesMetadata" : {
      "metadata" : { }
    },
    "parametersMetadata" : {
      "metadata" : { }
    },
    "hooks" : [ ]
  }, {
    "majorSchemaVersion" : 3,
    "name" : "loyalty-rewards",
    "type" : "javascript.nodejs",
    "path" : "loyalty-rewards",
    "properties" : { },
    "parameters" : {
      "disk-quota" : "256M",
      "keep-existing-routes" : true,
      "memory" : "256M"
    },
    "requiredDependencies" : [ {
      "majorSchemaVersion" : 3,
      "name" : "srv-api",
      "group" : "destinations",
      "properties" : {
        "name" : "srv-api",
        "forwardAuthToken" : "********",
        "url" : "~{srv-url}"
      },
      "parameters" : { },
      "propertiesMetadata" : {
        "metadata" : { }
      },
      "parametersMetadata" : {
        "metadata" : { }
      }
    }, {
      "majorSchemaVersion" : 3,
      "name" : "********",
      "properties" : { },
      "parameters" : { },
      "propertiesMetadata" : {
        "metadata" : { }
      },
      "parametersMetadata" : {
        "metadata" : { }
      }
    }, {
      "majorSchemaVersion" : 3,
      "name" : "loyalty-rewards-html5-runtime",
      "properties" : { },
      "parameters" : { },
      "propertiesMetadata" : {
        "metadata" : { }
      },
      "parametersMetadata" : {
        "metadata" : { }
      }
    }, {
      "majorSchemaVersion" : 3,
      "name" : "loyalty-rewards-destination-service",
      "group" : "destinations",
      "properties" : {
        "name" : "ui5",
        "forwardAuthToken" : "********",
        "url" : "https://ui5.sap.com"
      },
      "parameters" : { },
      "propertiesMetadata" : {
        "metadata" : { }
      },
      "parametersMetadata" : {
        "metadata" : { }
      }
    } ],
    "providedDependencies" : [ {
      "majorSchemaVersion" : 3,
      "name" : "app-api",
      "isPublic" : false,
      "properties" : {
        "app-protocol" : "${protocol}",
        "app-uri" : "${default-uri}"
      },
      "parameters" : { },
      "propertiesMetadata" : {
        "metadata" : { }
      },
      "parametersMetadata" : {
        "metadata" : { }
      }
    }, {
      "majorSchemaVersion" : 3,
      "name" : "loyalty-rewards",
      "isPublic" : false,
      "properties" : { },
      "parameters" : { },
      "propertiesMetadata" : {
        "metadata" : { }
      },
      "parametersMetadata" : {
        "metadata" : { }
      }
    } ],
    "propertiesMetadata" : {
      "metadata" : { }
    },
    "parametersMetadata" : {
      "metadata" : { }
    },
    "hooks" : [ ]
  }, {
    "majorSchemaVersion" : 3,
    "name" : "loyalty-rewards-app-deployer",
    "type" : "com.sap.application.content",
    "path" : "loyalty-rewards-app-deployer",
    "properties" : { },
    "parameters" : { },
    "requiredDependencies" : [ {
      "majorSchemaVersion" : 3,
      "name" : "********",
      "properties" : { },
      "parameters" : { },
      "propertiesMetadata" : {
        "metadata" : { }
      },
      "parametersMetadata" : {
        "metadata" : { }
      }
    }, {
      "majorSchemaVersion" : 3,
      "name" : "srv-api",
      "properties" : { },
      "parameters" : { },
      "propertiesMetadata" : {
        "metadata" : { }
      },
      "parametersMetadata" : {
        "metadata" : { }
      }
    }, {
      "majorSchemaVersion" : 3,
      "name" : "loyalty-rewards-html5-repo-host",
      "properties" : { },
      "parameters" : {
        "config" : {
          "HTML5Runtime_enabled" : true
        },
        "content-target" : true
      },
      "propertiesMetadata" : {
        "metadata" : { }
      },
      "parametersMetadata" : {
        "metadata" : { }
      }
    } ],
    "providedDependencies" : [ {
      "majorSchemaVersion" : 3,
      "name" : "loyalty-rewards-app-deployer",
      "isPublic" : false,
      "properties" : { },
      "parameters" : { },
      "propertiesMetadata" : {
        "metadata" : { }
      },
      "parametersMetadata" : {
        "metadata" : { }
      }
    } ],
    "propertiesMetadata" : {
      "metadata" : { }
    },
    "parametersMetadata" : {
      "metadata" : { }
    },
    "hooks" : [ ]
  } ],
  "resources" : [ {
    "majorSchemaVersion" : 3,
    "name" : "********",
    "type" : "org.cloudfoundry.managed-service",
    "properties" : { },
    "parameters" : {
      "path" : "./xs-security.json",
      "service-plan" : "application",
      "type" : "managed-service",
      "config" : {
        "oauth2-configuration" : "********",
        "role-collections" : [ {
          "description" : "generated",
          "name" : "admin (loyalty-rewards ${org}-${space})",
          "role-template-references" : [ "$XSAPPNAME.admin" ]
        }, {
          "description" : "generated",
          "name" : "staff (loyalty-rewards ${org}-${space})",
          "role-template-references" : [ "$XSAPPNAME.staff" ]
        }, {
          "description" : "generated",
          "name" : "customer (loyalty-rewards ${org}-${space})",
          "role-template-references" : [ "$XSAPPNAME.customer" ]
        }, {
          "description" : "generated",
          "name" : "********",
          "role-template-references" : [ "********" ]
        } ],
        "tenant-mode" : "dedicated",
        "xsappname" : "loyalty-rewards-${org}-${space}"
      },
      "service" : "xsuaa"
    },
    "isActive" : true,
    "isOptional" : false,
    "propertiesMetadata" : {
      "metadata" : { }
    },
    "parametersMetadata" : {
      "metadata" : { }
    },
    "requiredDependencies" : [ {
      "majorSchemaVersion" : 3,
      "name" : "app-api",
      "properties" : { },
      "parameters" : { },
      "propertiesMetadata" : {
        "metadata" : { }
      },
      "parametersMetadata" : {
        "metadata" : { }
      }
    } ],
    "processedAfter" : [ ]
  }, {
    "majorSchemaVersion" : 3,
    "name" : "loyalty-rewards-db",
    "type" : "com.sap.xs.hdi-container",
    "properties" : { },
    "parameters" : {
      "type" : "managed-service",
      "service" : "hana",
      "service-plan" : "hdi-shared"
    },
    "isActive" : true,
    "isOptional" : false,
    "propertiesMetadata" : {
      "metadata" : { }
    },
    "parametersMetadata" : {
      "metadata" : { }
    },
    "requiredDependencies" : [ ],
    "processedAfter" : [ ]
  }, {
    "majorSchemaVersion" : 3,
    "name" : "loyalty-rewards-html5-repo-host",
    "type" : "org.cloudfoundry.managed-service",
    "properties" : { },
    "parameters" : {
      "type" : "managed-service",
      "service" : "html5-apps-repo",
      "service-plan" : "app-host"
    },
    "isActive" : true,
    "isOptional" : false,
    "propertiesMetadata" : {
      "metadata" : { }
    },
    "parametersMetadata" : {
      "metadata" : { }
    },
    "requiredDependencies" : [ ],
    "processedAfter" : [ ]
  }, {
    "majorSchemaVersion" : 3,
    "name" : "loyalty-rewards-html5-runtime",
    "type" : "org.cloudfoundry.managed-service",
    "properties" : { },
    "parameters" : {
      "type" : "managed-service",
      "service" : "html5-apps-repo",
      "service-plan" : "app-runtime"
    },
    "isActive" : true,
    "isOptional" : false,
    "propertiesMetadata" : {
      "metadata" : { }
    },
    "parametersMetadata" : {
      "metadata" : { }
    },
    "requiredDependencies" : [ ],
    "processedAfter" : [ ]
  }, {
    "majorSchemaVersion" : 3,
    "name" : "loyalty-rewards-destination-service",
    "type" : "org.cloudfoundry.managed-service",
    "properties" : { },
    "parameters" : {
      "service-name" : "loyalty-rewards-destination-service",
      "service-plan" : "lite",
      "type" : "managed-service",
      "config" : {
        "HTML5Runtime_enabled" : false,
        "init_data" : {
          "instance" : {
            "destinations" : [ {
              "Authentication" : "********",
              "Name" : "ui5",
              "ProxyType" : "Internet",
              "Type" : "HTTP",
              "URL" : "https://ui5.sap.com"
            } ],
            "existing_destinations_policy" : "update"
          }
        },
        "version" : "1.0.0"
      },
      "service" : "destination"
    },
    "isActive" : true,
    "isOptional" : false,
    "propertiesMetadata" : {
      "metadata" : { }
    },
    "parametersMetadata" : {
      "metadata" : { }
    },
    "requiredDependencies" : [ ],
    "processedAfter" : [ ]
  } ],
  "parameters" : {
    "enable-parallel-deployments" : true,
    "deploy_mode" : "html5-repo"
  },
  "parametersMetadata" : {
    "metadata" : { }
  }
}#
#2026 08 14 08:07:18.593#Z#DEBUG#2a9679fe-97b7-11f1-91c3-eeee0a9f1a4c.OPERATION#flowable-async-job-executor-thread-16284#
[MergeDescriptorsStep] Descriptors validated and merged#
#2026 08 14 08:07:18.593#Z#DEBUG#2a9679fe-97b7-11f1-91c3-eeee0a9f1a4c.OPERATION#flowable-async-job-executor-thread-16284#
Step "Merge Descriptors" finished#
#2026 08 14 08:07:18.644#Z#DEBUG#2a9679fe-97b7-11f1-91c3-eeee0a9f1a4c.OPERATION#flowable-async-job-executor-thread-16285#
[DetectDeployedMtaStep] Executing task "detectDeployedMtaTask" of process "2a96a134-97b7-11f1-91c3-eeee0a9f1a4c"...#
#2026 08 14 08:07:18.645#Z#DEBUG#2a9679fe-97b7-11f1-91c3-eeee0a9f1a4c.OPERATION#flowable-async-job-executor-thread-16285#
[DetectDeployedMtaStep] Detecting deployed MTA...#
#2026 08 14 08:07:18.719#Z#DEBUG#2a9679fe-97b7-11f1-91c3-eeee0a9f1a4c.OPERATION#flowable-async-job-executor-thread-16285#
[DetectDeployedMtaStep] Detecting MTA by id loyalty-rewards and namespace null#
#2026 08 14 08:07:18.719#Z#DEBUG#2a9679fe-97b7-11f1-91c3-eeee0a9f1a4c.OPERATION#flowable-async-job-executor-thread-16285#
[DetectDeployedMtaStep] Getting applications by metadata label selector "mta_id=f9c84457d5c39d62b12785a15b1ffb96,!mta_namespace"...#
#2026 08 14 08:07:18.772#Z#DEBUG#2a9679fe-97b7-11f1-91c3-eeee0a9f1a4c.OPERATION#flowable-async-job-executor-thread-16285#
[DetectDeployedMtaStep] Getting service instances by metadata label selector "mta_id=f9c84457d5c39d62b12785a15b1ffb96,!mta_namespace"...#
#2026 08 14 08:07:18.899#Z#DEBUG#2a9679fe-97b7-11f1-91c3-eeee0a9f1a4c.OPERATION#flowable-async-job-executor-thread-16285#
[DetectDeployedMtaStep] Deployed MTA: {
  "metadata" : {
    "id" : "loyalty-rewards",
    "version" : "1.0.0"
  },
  "applications" : [ {
    "name" : "loyalty-rewards-srv",
    "metadata" : {
      "guid" : "f923befe-21d1-4fb4-b72b-f81c31059c6d",
      "createdAt" : [ 2026, 8, 13, 12, 17, 26 ],
      "updatedAt" : [ 2026, 8, 14, 7, 50, 50 ]
    },
    "v3Metadata" : {
      "annotations" : {
        "mta_id" : "loyalty-rewards",
        "mta_version" : "1.0.0",
        "mta_module" : "{\"name\":\"loyalty-rewards-srv\"}",
        "mta_module_provided_dependencies" : "[]",
        "mta_bound_services" : "********"
      },
      "labels" : {
        "mta_id" : "f9c84457d5c39d62b12785a15b1ffb96"
      }
    },
    "state" : "STARTED",
    "lifecycle" : {
      "type" : "BUILDPACK",
      "data" : {
        "stack" : "cflinuxfs4",
        "buildpacks" : [ "nodejs_buildpack" ]
      }
    },
    "space" : {
      "name" : "dev",
      "metadata" : {
        "guid" : "2f8af6dc-e97b-487c-9ee9-8b1bb9eeccbd",
        "createdAt" : [ 2026, 8, 8, 21, 27, 30 ],
        "updatedAt" : [ 2026, 8, 8, 21, 27, 30 ]
      },
      "organization" : {
        "name" : "9231c958trial",
        "metadata" : {
          "guid" : "63335efc-dd3c-4a4f-8ecb-707a0e17e6db",
          "createdAt" : [ 2026, 8, 8, 21, 27, 29 ],
          "updatedAt" : [ 2026, 8, 8, 21, 27, 30 ]
        }
      }
    },
    "moduleName" : "loyalty-rewards-srv",
    "boundMtaServices" : [ "********", "loyalty-rewards-db" ],
    "providedDependencyNames" : [ ],
    "productizationState" : "LIVE"
  }, {
    "name" : "loyalty-rewards-db-deployer",
    "metadata" : {
      "guid" : "14abe4c7-062a-499e-b7d4-4f73c68d95af",
      "createdAt" : [ 2026, 8, 13, 12, 17, 26 ],
      "updatedAt" : [ 2026, 8, 14, 7, 50, 32 ]
    },
    "v3Metadata" : {
      "annotations" : {
        "mta_id" : "loyalty-rewards",
        "mta_version" : "1.0.0",
        "mta_module" : "{\"name\":\"loyalty-rewards-db-deployer\"}",
        "mta_module_provided_dependencies" : "[]",
        "mta_bound_services" : "[\"loyalty-rewards-db\"]"
      },
      "labels" : {
        "mta_id" : "f9c84457d5c39d62b12785a15b1ffb96"
      }
    },
    "state" : "STOPPED",
    "lifecycle" : {
      "type" : "BUILDPACK",
      "data" : {
        "stack" : "cflinuxfs4",
        "buildpacks" : [ "nodejs_buildpack" ]
      }
    },
    "space" : {
      "name" : "dev",
      "metadata" : {
        "guid" : "2f8af6dc-e97b-487c-9ee9-8b1bb9eeccbd",
        "createdAt" : [ 2026, 8, 8, 21, 27, 30 ],
        "updatedAt" : [ 2026, 8, 8, 21, 27, 30 ]
      },
      "organization" : {
        "name" : "9231c958trial",
        "metadata" : {
          "guid" : "63335efc-dd3c-4a4f-8ecb-707a0e17e6db",
          "createdAt" : [ 2026, 8, 8, 21, 27, 29 ],
          "updatedAt" : [ 2026, 8, 8, 21, 27, 30 ]
        }
      }
    },
    "moduleName" : "loyalty-rewards-db-deployer",
    "boundMtaServices" : [ "loyalty-rewards-db" ],
    "providedDependencyNames" : [ ],
    "productizationState" : "LIVE"
  }, {
    "name" : "loyalty-rewards",
    "metadata" : {
      "guid" : "d3e0f941-7b61-4f8d-974e-4f6f681f7d80",
      "createdAt" : [ 2026, 8, 13, 12, 17, 29 ],
      "updatedAt" : [ 2026, 8, 14, 7, 51, 1 ]
    },
    "v3Metadata" : {
      "annotations" : {
        "mta_id" : "loyalty-rewards",
        "mta_version" : "1.0.0",
        "mta_module" : "{\"name\":\"loyalty-rewards\"}",
        "mta_module_provided_dependencies" : "[]",
        "mta_bound_services" : "********"
      },
      "labels" : {
        "mta_id" : "f9c84457d5c39d62b12785a15b1ffb96"
      }
    },
    "state" : "STARTED",
    "lifecycle" : {
      "type" : "BUILDPACK",
      "data" : {
        "stack" : "cflinuxfs4",
        "buildpacks" : [ ]
      }
    },
    "space" : {
      "name" : "dev",
      "metadata" : {
        "guid" : "2f8af6dc-e97b-487c-9ee9-8b1bb9eeccbd",
        "createdAt" : [ 2026, 8, 8, 21, 27, 30 ],
        "updatedAt" : [ 2026, 8, 8, 21, 27, 30 ]
      },
      "organization" : {
        "name" : "9231c958trial",
        "metadata" : {
          "guid" : "63335efc-dd3c-4a4f-8ecb-707a0e17e6db",
          "createdAt" : [ 2026, 8, 8, 21, 27, 29 ],
          "updatedAt" : [ 2026, 8, 8, 21, 27, 30 ]
        }
      }
    },
    "moduleName" : "loyalty-rewards",
    "boundMtaServices" : [ "********", "loyalty-rewards-html5-runtime", "loyalty-rewards-destination-service" ],
    "providedDependencyNames" : [ ],
    "productizationState" : "LIVE"
  } ],
  "services" : [ {
    "name" : "loyalty-rewards-db",
    "metadata" : {
      "guid" : "498dba9b-2d56-44a2-84e3-c66136b2de6e",
      "createdAt" : [ 2026, 8, 13, 12, 17, 8 ],
      "updatedAt" : [ 2026, 8, 13, 12, 17, 9 ]
    },
    "v3Metadata" : {
      "annotations" : {
        "mta_id" : "loyalty-rewards",
        "mta_version" : "1.0.0",
        "mta_resource" : "{\"name\":\"loyalty-rewards-db\"}"
      },
      "labels" : {
        "mta_id" : "f9c84457d5c39d62b12785a15b1ffb96"
      }
    },
    "label" : "hana",
    "plan" : "hdi-shared",
    "credentials" : "********",
    "tags" : [ ],
    "type" : "managed",
    "lastOperation" : {
      "type" : "CREATE",
      "state" : "SUCCEEDED"
    },
    "resourceName" : "loyalty-rewards-db"
  }, {
    "name" : "loyalty-rewards-html5-runtime",
    "metadata" : {
      "guid" : "63f868e3-a963-4eca-b258-ec6e46d3f824",
      "createdAt" : [ 2026, 8, 13, 12, 17, 8 ],
      "updatedAt" : [ 2026, 8, 13, 12, 17, 9 ]
    },
    "v3Metadata" : {
      "annotations" : {
        "mta_id" : "loyalty-rewards",
        "mta_version" : "1.0.0",
        "mta_resource" : "{\"name\":\"loyalty-rewards-html5-runtime\"}"
      },
      "labels" : {
        "mta_id" : "f9c84457d5c39d62b12785a15b1ffb96"
      }
    },
    "label" : "html5-apps-repo",
    "plan" : "app-runtime",
    "credentials" : "********",
    "tags" : [ ],
    "type" : "managed",
    "lastOperation" : {
      "type" : "CREATE",
      "description" : "",
      "state" : "SUCCEEDED"
    },
    "resourceName" : "loyalty-rewards-html5-runtime"
  }, {
    "name" : "loyalty-rewards-destination-service",
    "metadata" : {
      "guid" : "e3d5e1b5-b075-462e-a96f-a8d3a9ea2ced",
      "createdAt" : [ 2026, 8, 13, 12, 17, 9 ],
      "updatedAt" : [ 2026, 8, 13, 12, 17, 10 ]
    },
    "v3Metadata" : {
      "annotations" : {
        "mta_id" : "loyalty-rewards",
        "mta_version" : "1.0.0",
        "mta_resource" : "{\"name\":\"loyalty-rewards-destination-service\"}"
      },
      "labels" : {
        "mta_id" : "f9c84457d5c39d62b12785a15b1ffb96"
      }
    },
    "label" : "destination",
    "plan" : "lite",
    "credentials" : "********",
    "tags" : [ ],
    "type" : "managed",
    "lastOperation" : {
      "type" : "UPDATE",
      "description" : "",
      "state" : "SUCCEEDED"
    },
    "resourceName" : "loyalty-rewards-destination-service"
  }, {
    "name" : "loyalty-rewards-html5-repo-host",
    "metadata" : {
      "guid" : "14f58301-7770-4fca-a137-9420e332167e",
      "createdAt" : [ 2026, 8, 13, 12, 17, 8 ],
      "updatedAt" : [ 2026, 8, 13, 12, 17, 8 ]
    },
    "v3Metadata" : {
      "annotations" : {
        "mta_id" : "loyalty-rewards",
        "mta_version" : "1.0.0",
        "mta_resource" : "{\"name\":\"loyalty-rewards-html5-repo-host\"}"
      },
      "labels" : {
        "mta_id" : "f9c84457d5c39d62b12785a15b1ffb96"
      }
    },
    "label" : "html5-apps-repo",
    "plan" : "app-host",
    "credentials" : "********",
    "tags" : [ ],
    "type" : "managed",
    "lastOperation" : {
      "type" : "CREATE",
      "description" : "",
      "state" : "SUCCEEDED"
    },
    "resourceName" : "loyalty-rewards-html5-repo-host"
  }, {
    "name" : "********",
    "metadata" : {
      "guid" : "d9517d36-f848-437e-b17d-7a592ba1d65c",
      "createdAt" : [ 2026, 8, 13, 12, 17, 9 ],
      "updatedAt" : [ 2026, 8, 13, 12, 17, 9 ]
    },
    "v3Metadata" : {
      "annotations" : {
        "mta_id" : "loyalty-rewards",
        "mta_version" : "1.0.0",
        "mta_resource" : "********"
      },
      "labels" : {
        "mta_id" : "f9c84457d5c39d62b12785a15b1ffb96"
      }
    },
    "label" : "xsuaa",
    "plan" : "application",
    "credentials" : "********",
    "tags" : [ ],
    "type" : "managed",
    "lastOperation" : {
      "type" : "UPDATE",
      "description" : "",
      "state" : "SUCCEEDED"
    },
    "resourceName" : "********"
  } ]
}#
#2026 08 14 08:07:18.899#Z#INFO#2a9679fe-97b7-11f1-91c3-eeee0a9f1a4c.OPERATION#flowable-async-job-executor-thread-16285#
[DetectDeployedMtaStep] Detected deployed MTA with ID "loyalty-rewards" and version "1.0.0"#
#2026 08 14 08:07:18.904#Z#DEBUG#2a9679fe-97b7-11f1-91c3-eeee0a9f1a4c.OPERATION#flowable-async-job-executor-thread-16285#
[DetectDeployedMtaStep] Detecting backup mta by id "loyalty-rewards" and namespace "null"#
#2026 08 14 08:07:18.904#Z#DEBUG#2a9679fe-97b7-11f1-91c3-eeee0a9f1a4c.OPERATION#flowable-async-job-executor-thread-16285#
[DetectDeployedMtaStep] Getting applications by metadata label selector "mta_id=f9c84457d5c39d62b12785a15b1ffb96,mta_namespace=b698114a0995e936895b9598a6c19a2c"...#
#2026 08 14 08:07:18.935#Z#DEBUG#2a9679fe-97b7-11f1-91c3-eeee0a9f1a4c.OPERATION#flowable-async-job-executor-thread-16285#
[DetectDeployedMtaStep] Getting service instances by metadata label selector "mta_id=f9c84457d5c39d62b12785a15b1ffb96,mta_namespace=b698114a0995e936895b9598a6c19a2c"...#
#2026 08 14 08:07:19.001#Z#DEBUG#2a9679fe-97b7-11f1-91c3-eeee0a9f1a4c.OPERATION#flowable-async-job-executor-thread-16285#
[DetectDeployedMtaStep] Deployed MTA service keys: [ {
  "name" : "********",
  "metadata" : {
    "guid" : "e176a751-7b2d-420d-85ba-fe651e1d46ae",
    "createdAt" : [ 2026, 8, 13, 12, 17, 29 ],
    "updatedAt" : [ 2026, 8, 13, 12, 17, 30 ]
  },
  "v3Metadata" : {
    "annotations" : {
      "mta_id" : "loyalty-rewards",
      "mta_version" : "1.0.0"
    },
    "labels" : {
      "mta_id" : "f9c84457d5c39d62b12785a15b1ffb96",
      "space_guid" : "2f8af6dc-e97b-487c-9ee9-8b1bb9eeccbd"
    }
  },
  "serviceInstance" : {
    "name" : "********",
    "metadata" : {
      "guid" : "d9517d36-f848-437e-b17d-7a592ba1d65c",
      "createdAt" : [ 2026, 8, 13, 12, 17, 9 ],
      "updatedAt" : [ 2026, 8, 13, 12, 17, 9 ]
    },
    "v3Metadata" : {
      "annotations" : {
        "mta_id" : "loyalty-rewards",
        "mta_version" : "1.0.0",
        "mta_resource" : "********"
      },
      "labels" : {
        "mta_id" : "f9c84457d5c39d62b12785a15b1ffb96"
      }
    },
    "credentials" : "********",
    "tags" : [ ],
    "type" : "managed"
  }
}, {
  "name" : "********",
  "metadata" : {
    "guid" : "66ac29f5-d2ae-4fe1-ad45-1cfaba3efd02",
    "createdAt" : [ 2026, 8, 13, 12, 17, 29 ],
    "updatedAt" : [ 2026, 8, 13, 12, 17, 30 ]
  },
  "v3Metadata" : {
    "annotations" : {
      "mta_id" : "loyalty-rewards",
      "mta_version" : "1.0.0"
    },
    "labels" : {
      "mta_id" : "f9c84457d5c39d62b12785a15b1ffb96",
      "space_guid" : "2f8af6dc-e97b-487c-9ee9-8b1bb9eeccbd"
    }
  },
  "serviceInstance" : {
    "name" : "loyalty-rewards-html5-repo-host",
    "metadata" : {
      "guid" : "14f58301-7770-4fca-a137-9420e332167e",
      "createdAt" : [ 2026, 8, 13, 12, 17, 8 ],
      "updatedAt" : [ 2026, 8, 13, 12, 17, 8 ]
    },
    "v3Metadata" : {
      "annotations" : {
        "mta_id" : "loyalty-rewards",
        "mta_version" : "1.0.0",
        "mta_resource" : "{\"name\":\"loyalty-rewards-html5-repo-host\"}"
      },
      "labels" : {
        "mta_id" : "f9c84457d5c39d62b12785a15b1ffb96"
      }
    },
    "credentials" : "********",
    "tags" : [ ],
    "type" : "managed"
  }
} ]#
#2026 08 14 08:07:19.001#Z#DEBUG#2a9679fe-97b7-11f1-91c3-eeee0a9f1a4c.OPERATION#flowable-async-job-executor-thread-16285#
Step "Detect Deployed MTA" finished#
#2026 08 14 08:07:19.039#Z#DEBUG#2a9679fe-97b7-11f1-91c3-eeee0a9f1a4c.OPERATION#flowable-async-job-executor-thread-16285#
[XS2CollectSystemParametersStep] Executing task "collectSystemParametersTask" of process "2a96a134-97b7-11f1-91c3-eeee0a9f1a4c"...#
#2026 08 14 08:07:19.040#Z#DEBUG#2a9679fe-97b7-11f1-91c3-eeee0a9f1a4c.OPERATION#flowable-async-job-executor-thread-16285#
[XS2CollectSystemParametersStep] Collecting system parameters...#
#2026 08 14 08:07:19.041#Z#DEBUG#2a9679fe-97b7-11f1-91c3-eeee0a9f1a4c.OPERATION#flowable-async-job-executor-thread-16285#
[XS2CollectSystemParametersStep] Getting default domain...#
#2026 08 14 08:07:19.071#Z#DEBUG#2a9679fe-97b7-11f1-91c3-eeee0a9f1a4c.OPERATION#flowable-async-job-executor-thread-16285#
[XS2CollectSystemParametersStep] Default domain: cfapps.us10-001.hana.ondemand.com#
#2026 08 14 08:07:19.073#Z#DEBUG#2a9679fe-97b7-11f1-91c3-eeee0a9f1a4c.OPERATION#flowable-async-job-executor-thread-16285#
[XS2CollectSystemParametersStep] Checking for overwriting read-only parameters for mta with id: "loyalty-rewards"#
#2026 08 14 08:07:19.073#Z#DEBUG#2a9679fe-97b7-11f1-91c3-eeee0a9f1a4c.OPERATION#flowable-async-job-executor-thread-16285#
[XS2CollectSystemParametersStep] No read-only parameters are overwritten#
#2026 08 14 08:07:19.085#Z#DEBUG#2a9679fe-97b7-11f1-91c3-eeee0a9f1a4c.OPERATION#flowable-async-job-executor-thread-16285#
[XS2CollectSystemParametersStep] Descriptor with system parameters: {
  "majorSchemaVersion" : 3,
  "schemaVersion" : "3.3.0",
  "id" : "loyalty-rewards",
  "version" : "1.0.0",
  "modules" : [ {
    "majorSchemaVersion" : 3,
    "name" : "loyalty-rewards-srv",
    "type" : "javascript.nodejs",
    "path" : "loyalty-rewards-srv",
    "properties" : { },
    "parameters" : {
      "default-url" : "${protocol}://${default-uri}",
      "default-app-name" : "loyalty-rewards-srv",
      "generated-password" : "********",
      "default-live-url" : "${protocol}://${default-live-uri}",
      "default-uri" : "${host}.${domain}",
      "default-instances" : 1,
      "default-live-host" : "9231c958trial-dev-loyalty-rewards-srv",
      "instances" : 1,
      "buildpack" : "nodejs_buildpack",
      "default-host" : "9231c958trial-dev-loyalty-rewards-srv",
      "app-name" : "${default-app-name}",
      "default-live-uri" : "9231c958trial-dev-loyalty-rewards-srv.${domain}",
      "protocol" : "https",
      "default-live-app-name" : "loyalty-rewards-srv",
      "default-live-domain" : "cfapps.us10-001.hana.ondemand.com",
      "domain" : "${default-domain}",
      "host" : "${default-host}",
      "generated-user" : "********"
    },
    "requiredDependencies" : [ {
      "majorSchemaVersion" : 3,
      "name" : "********",
      "properties" : { },
      "parameters" : { },
      "propertiesMetadata" : {
        "metadata" : { }
      },
      "parametersMetadata" : {
        "metadata" : { }
      }
    }, {
      "majorSchemaVersion" : 3,
      "name" : "loyalty-rewards-db",
      "properties" : { },
      "parameters" : { },
      "propertiesMetadata" : {
        "metadata" : { }
      },
      "parametersMetadata" : {
        "metadata" : { }
      }
    } ],
    "providedDependencies" : [ {
      "majorSchemaVersion" : 3,
      "name" : "srv-api",
      "isPublic" : false,
      "properties" : {
        "srv-url" : "${default-url}"
      },
      "parameters" : { },
      "propertiesMetadata" : {
        "metadata" : { }
      },
      "parametersMetadata" : {
        "metadata" : { }
      }
    }, {
      "majorSchemaVersion" : 3,
      "name" : "loyalty-rewards-srv",
      "isPublic" : false,
      "properties" : { },
      "parameters" : { },
      "propertiesMetadata" : {
        "metadata" : { }
      },
      "parametersMetadata" : {
        "metadata" : { }
      }
    } ],
    "propertiesMetadata" : {
      "metadata" : { }
    },
    "parametersMetadata" : {
      "metadata" : { }
    },
    "hooks" : [ ]
  }, {
    "majorSchemaVersion" : 3,
    "name" : "loyalty-rewards-db-deployer",
    "type" : "com.sap.xs.hdi",
    "path" : "loyalty-rewards-db-deployer",
    "properties" : {
      "EXIT" : 1
    },
    "parameters" : {
      "default-url" : "${protocol}://${default-uri}",
      "default-app-name" : "loyalty-rewards-db-deployer",
      "generated-password" : "********",
      "default-live-url" : "${protocol}://${default-live-uri}",
      "default-uri" : "${host}.${domain}",
      "memory" : "256M",
      "default-instances" : 1,
      "no-route" : true,
      "default-live-host" : "9231c958trial-dev-loyalty-rewards-db-deployer",
      "instances" : "${default-instances}",
      "buildpack" : "nodejs_buildpack",
      "default-host" : "9231c958trial-dev-loyalty-rewards-db-deployer",
      "app-name" : "${default-app-name}",
      "default-live-uri" : "9231c958trial-dev-loyalty-rewards-db-deployer.${domain}",
      "protocol" : "https",
      "default-live-app-name" : "loyalty-rewards-db-deployer",
      "default-live-domain" : "cfapps.us10-001.hana.ondemand.com",
      "dependency-type" : "hard",
      "domain" : "${default-domain}",
      "host" : "${default-host}",
      "generated-user" : "********",
      "tasks" : [ {
        "name" : "deploy",
        "memory" : "256M",
        "command" : "npm start"
      } ],
      "no-start" : true
    },
    "requiredDependencies" : [ {
      "majorSchemaVersion" : 3,
      "name" : "loyalty-rewards-db",
      "properties" : { },
      "parameters" : { },
      "propertiesMetadata" : {
        "metadata" : { }
      },
      "parametersMetadata" : {
        "metadata" : { }
      }
    } ],
    "providedDependencies" : [ {
      "majorSchemaVersion" : 3,
      "name" : "loyalty-rewards-db-deployer",
      "isPublic" : false,
      "properties" : { },
      "parameters" : { },
      "propertiesMetadata" : {
        "metadata" : { }
      },
      "parametersMetadata" : {
        "metadata" : { }
      }
    } ],
    "propertiesMetadata" : {
      "metadata" : { }
    },
    "parametersMetadata" : {
      "metadata" : { }
    },
    "hooks" : [ ]
  }, {
    "majorSchemaVersion" : 3,
    "name" : "loyalty-rewards",
    "type" : "javascript.nodejs",
    "path" : "loyalty-rewards",
    "properties" : { },
    "parameters" : {
      "default-url" : "${protocol}://${default-uri}",
      "default-app-name" : "loyalty-rewards",
      "generated-password" : "********",
      "default-live-url" : "${protocol}://${default-live-uri}",
      "default-uri" : "${host}.${domain}",
      "memory" : "256M",
      "default-instances" : 1,
      "default-live-host" : "9231c958trial-dev-loyalty-rewards",
      "instances" : "${default-instances}",
      "default-host" : "9231c958trial-dev-loyalty-rewards",
      "keep-existing-routes" : true,
      "app-name" : "${default-app-name}",
      "default-live-uri" : "9231c958trial-dev-loyalty-rewards.${domain}",
      "protocol" : "https",
      "default-live-app-name" : "loyalty-rewards",
      "default-live-domain" : "cfapps.us10-001.hana.ondemand.com",
      "disk-quota" : "256M",
      "domain" : "${default-domain}",
      "host" : "${default-host}",
      "generated-user" : "********"
    },
    "requiredDependencies" : [ {
      "majorSchemaVersion" : 3,
      "name" : "srv-api",
      "group" : "destinations",
      "properties" : {
        "name" : "srv-api",
        "forwardAuthToken" : "********",
        "url" : "~{srv-url}"
      },
      "parameters" : { },
      "propertiesMetadata" : {
        "metadata" : { }
      },
      "parametersMetadata" : {
        "metadata" : { }
      }
    }, {
      "majorSchemaVersion" : 3,
      "name" : "********",
      "properties" : { },
      "parameters" : { },
      "propertiesMetadata" : {
        "metadata" : { }
      },
      "parametersMetadata" : {
        "metadata" : { }
      }
    }, {
      "majorSchemaVersion" : 3,
      "name" : "loyalty-rewards-html5-runtime",
      "properties" : { },
      "parameters" : { },
      "propertiesMetadata" : {
        "metadata" : { }
      },
      "parametersMetadata" : {
        "metadata" : { }
      }
    }, {
      "majorSchemaVersion" : 3,
      "name" : "loyalty-rewards-destination-service",
      "group" : "destinations",
      "properties" : {
        "name" : "ui5",
        "forwardAuthToken" : "********",
        "url" : "https://ui5.sap.com"
      },
      "parameters" : { },
      "propertiesMetadata" : {
        "metadata" : { }
      },
      "parametersMetadata" : {
        "metadata" : { }
      }
    } ],
    "providedDependencies" : [ {
      "majorSchemaVersion" : 3,
      "name" : "app-api",
      "isPublic" : false,
      "properties" : {
        "app-protocol" : "${protocol}",
        "app-uri" : "${default-uri}"
      },
      "parameters" : { },
      "propertiesMetadata" : {
        "metadata" : { }
      },
      "parametersMetadata" : {
        "metadata" : { }
      }
    }, {
      "majorSchemaVersion" : 3,
      "name" : "loyalty-rewards",
      "isPublic" : false,
      "properties" : { },
      "parameters" : { },
      "propertiesMetadata" : {
        "metadata" : { }
      },
      "parametersMetadata" : {
        "metadata" : { }
      }
    } ],
    "propertiesMetadata" : {
      "metadata" : { }
    },
    "parametersMetadata" : {
      "metadata" : { }
    },
    "hooks" : [ ]
  }, {
    "majorSchemaVersion" : 3,
    "name" : "loyalty-rewards-app-deployer",
    "type" : "com.sap.application.content",
    "path" : "loyalty-rewards-app-deployer",
    "properties" : { },
    "parameters" : {
      "default-url" : "${protocol}://${default-uri}",
      "default-app-name" : "loyalty-rewards-app-deployer",
      "generated-password" : "********",
      "default-live-url" : "${protocol}://${default-live-uri}",
      "default-uri" : "${host}.${domain}",
      "default-instances" : 1,
      "default-live-host" : "9231c958trial-dev-loyalty-rewards-app-deployer",
      "instances" : "${default-instances}",
      "default-host" : "9231c958trial-dev-loyalty-rewards-app-deployer",
      "app-name" : "${default-app-name}",
      "default-live-uri" : "9231c958trial-dev-loyalty-rewards-app-deployer.${domain}",
      "protocol" : "https",
      "default-live-app-name" : "loyalty-rewards-app-deployer",
      "default-live-domain" : "cfapps.us10-001.hana.ondemand.com",
      "domain" : "${default-domain}",
      "host" : "${default-host}",
      "generated-user" : "********"
    },
    "requiredDependencies" : [ {
      "majorSchemaVersion" : 3,
      "name" : "********",
      "properties" : { },
      "parameters" : { },
      "propertiesMetadata" : {
        "metadata" : { }
      },
      "parametersMetadata" : {
        "metadata" : { }
      }
    }, {
      "majorSchemaVersion" : 3,
      "name" : "srv-api",
      "properties" : { },
      "parameters" : { },
      "propertiesMetadata" : {
        "metadata" : { }
      },
      "parametersMetadata" : {
        "metadata" : { }
      }
    }, {
      "majorSchemaVersion" : 3,
      "name" : "loyalty-rewards-html5-repo-host",
      "properties" : { },
      "parameters" : {
        "config" : {
          "HTML5Runtime_enabled" : true
        },
        "content-target" : true
      },
      "propertiesMetadata" : {
        "metadata" : { }
      },
      "parametersMetadata" : {
        "metadata" : { }
      }
    } ],
    "providedDependencies" : [ {
      "majorSchemaVersion" : 3,
      "name" : "loyalty-rewards-app-deployer",
      "isPublic" : false,
      "properties" : { },
      "parameters" : { },
      "propertiesMetadata" : {
        "metadata" : { }
      },
      "parametersMetadata" : {
        "metadata" : { }
      }
    } ],
    "propertiesMetadata" : {
      "metadata" : { }
    },
    "parametersMetadata" : {
      "metadata" : { }
    },
    "hooks" : [ ]
  } ],
  "resources" : [ {
    "majorSchemaVersion" : 3,
    "name" : "********",
    "type" : "org.cloudfoundry.managed-service",
    "properties" : { },
    "parameters" : {
      "generated-password" : "********",
      "path" : "./xs-security.json",
      "service-name" : "${default-service-name}",
      "service-plan" : "application",
      "service" : "xsuaa",
      "generated-user" : "********",
      "default-xsappname" : "********",
      "type" : "managed-service",
      "config" : {
        "oauth2-configuration" : "********",
        "role-collections" : [ {
          "description" : "generated",
          "name" : "admin (loyalty-rewards ${org}-${space})",
          "role-template-references" : [ "$XSAPPNAME.admin" ]
        }, {
          "description" : "generated",
          "name" : "staff (loyalty-rewards ${org}-${space})",
          "role-template-references" : [ "$XSAPPNAME.staff" ]
        }, {
          "description" : "generated",
          "name" : "customer (loyalty-rewards ${org}-${space})",
          "role-template-references" : [ "$XSAPPNAME.customer" ]
        }, {
          "description" : "generated",
          "name" : "********",
          "role-template-references" : [ "********" ]
        } ],
        "tenant-mode" : "dedicated",
        "xsappname" : "loyalty-rewards-${org}-${space}"
      },
      "default-service-name" : "********",
      "default-container-name" : "********"
    },
    "isActive" : true,
    "isOptional" : false,
    "propertiesMetadata" : {
      "metadata" : { }
    },
    "parametersMetadata" : {
      "metadata" : { }
    },
    "requiredDependencies" : [ {
      "majorSchemaVersion" : 3,
      "name" : "app-api",
      "properties" : { },
      "parameters" : { },
      "propertiesMetadata" : {
        "metadata" : { }
      },
      "parametersMetadata" : {
        "metadata" : { }
      }
    } ],
    "processedAfter" : [ ]
  }, {
    "majorSchemaVersion" : 3,
    "name" : "loyalty-rewards-db",
    "type" : "com.sap.xs.hdi-container",
    "properties" : { },
    "parameters" : {
      "generated-password" : "********",
      "service-name" : "${default-service-name}",
      "service-plan" : "hdi-shared",
      "service" : "hana",
      "generated-user" : "********",
      "default-xsappname" : "loyalty-rewards-db",
      "type" : "managed-service",
      "default-service-name" : "loyalty-rewards-db",
      "default-container-name" : "9231C958TRIAL_DEV_LOYALTY_REWARDS_DB"
    },
    "isActive" : true,
    "isOptional" : false,
    "propertiesMetadata" : {
      "metadata" : { }
    },
    "parametersMetadata" : {
      "metadata" : { }
    },
    "requiredDependencies" : [ ],
    "processedAfter" : [ ]
  }, {
    "majorSchemaVersion" : 3,
    "name" : "loyalty-rewards-html5-repo-host",
    "type" : "org.cloudfoundry.managed-service",
    "properties" : { },
    "parameters" : {
      "generated-password" : "********",
      "service-name" : "${default-service-name}",
      "service-plan" : "app-host",
      "service" : "html5-apps-repo",
      "generated-user" : "********",
      "default-xsappname" : "loyalty-rewards-html5-repo-host",
      "type" : "managed-service",
      "default-service-name" : "loyalty-rewards-html5-repo-host",
      "default-container-name" : "9231C958TRIAL_DEV_LOYALTY_REWARDS_HTML5_REPO_HOST"
    },
    "isActive" : true,
    "isOptional" : false,
    "propertiesMetadata" : {
      "metadata" : { }
    },
    "parametersMetadata" : {
      "metadata" : { }
    },
    "requiredDependencies" : [ ],
    "processedAfter" : [ ]
  }, {
    "majorSchemaVersion" : 3,
    "name" : "loyalty-rewards-html5-runtime",
    "type" : "org.cloudfoundry.managed-service",
    "properties" : { },
    "parameters" : {
      "generated-password" : "********",
      "service-name" : "${default-service-name}",
      "service-plan" : "app-runtime",
      "service" : "html5-apps-repo",
      "generated-user" : "********",
      "default-xsappname" : "loyalty-rewards-html5-runtime",
      "type" : "managed-service",
      "default-service-name" : "loyalty-rewards-html5-runtime",
      "default-container-name" : "9231C958TRIAL_DEV_LOYALTY_REWARDS_HTML5_RUNTIME"
    },
    "isActive" : true,
    "isOptional" : false,
    "propertiesMetadata" : {
      "metadata" : { }
    },
    "parametersMetadata" : {
      "metadata" : { }
    },
    "requiredDependencies" : [ ],
    "processedAfter" : [ ]
  }, {
    "majorSchemaVersion" : 3,
    "name" : "loyalty-rewards-destination-service",
    "type" : "org.cloudfoundry.managed-service",
    "properties" : { },
    "parameters" : {
      "generated-password" : "********",
      "service-name" : "loyalty-rewards-destination-service",
      "service-plan" : "lite",
      "service" : "destination",
      "generated-user" : "********",
      "default-xsappname" : "loyalty-rewards-destination-service",
      "type" : "managed-service",
      "config" : {
        "HTML5Runtime_enabled" : false,
        "init_data" : {
          "instance" : {
            "destinations" : [ {
              "Authentication" : "********",
              "Name" : "ui5",
              "ProxyType" : "Internet",
              "Type" : "HTTP",
              "URL" : "https://ui5.sap.com"
            } ],
            "existing_destinations_policy" : "update"
          }
        },
        "version" : "1.0.0"
      },
      "default-service-name" : "loyalty-rewards-destination-service",
      "default-container-name" : "9231C958TRIAL_DEV_LOYALTY_REWARDS_DESTINATION_SERVICE"
    },
    "isActive" : true,
    "isOptional" : false,
    "propertiesMetadata" : {
      "metadata" : { }
    },
    "parametersMetadata" : {
      "metadata" : { }
    },
    "requiredDependencies" : [ ],
    "processedAfter" : [ ]
  } ],
  "parameters" : {
    "deploy_mode" : "html5-repo",
    "mta-id" : "loyalty-rewards",
    "authorization-url" : "********",
    "org-guid" : "63335efc-dd3c-4a4f-8ecb-707a0e17e6db",
    "org" : "9231c958trial",
    "deploy-target" : "9231c958trial dev",
    "enable-parallel-deployments" : true,
    "space" : "dev",
    "xs-api-url" : "https://api.cf.us10-001.hana.ondemand.com",
    "deploy-url" : "deploy-service.cfapps.us10-001.hana.ondemand.com",
    "xs-type" : "CF",
    "default-domain" : "cfapps.us10-001.hana.ondemand.com",
    "mta-version" : "1.0.0",
    "xs-auth-url" : "********",
    "space-guid" : "2f8af6dc-e97b-487c-9ee9-8b1bb9eeccbd",
    "user" : "********",
    "controller-url" : "https://api.cf.us10-001.hana.ondemand.com",
    "timestamp" : "20260814080717"
  },
  "parametersMetadata" : {
    "metadata" : { }
  }
}#
#2026 08 14 08:07:19.087#Z#DEBUG#2a9679fe-97b7-11f1-91c3-eeee0a9f1a4c.OPERATION#flowable-async-job-executor-thread-16285#
[XS2CollectSystemParametersStep] Version rule: SAME_HIGHER#
#2026 08 14 08:07:19.087#Z#INFO#2a9679fe-97b7-11f1-91c3-eeee0a9f1a4c.OPERATION#flowable-async-job-executor-thread-16285#
[XS2CollectSystemParametersStep] Detected new MTA version: "1.0.0"#
#2026 08 14 08:07:19.092#Z#INFO#2a9679fe-97b7-11f1-91c3-eeee0a9f1a4c.OPERATION#flowable-async-job-executor-thread-16285#
[XS2CollectSystemParametersStep] Deployed MTA version: "1.0.0"#
#2026 08 14 08:07:19.096#Z#DEBUG#2a9679fe-97b7-11f1-91c3-eeee0a9f1a4c.OPERATION#flowable-async-job-executor-thread-16285#
[XS2CollectSystemParametersStep] MTA accepted for deployment#
#2026 08 14 08:07:19.096#Z#DEBUG#2a9679fe-97b7-11f1-91c3-eeee0a9f1a4c.OPERATION#flowable-async-job-executor-thread-16285#
[XS2CollectSystemParametersStep] System parameters collected#
#2026 08 14 08:07:19.096#Z#DEBUG#2a9679fe-97b7-11f1-91c3-eeee0a9f1a4c.OPERATION#flowable-async-job-executor-thread-16285#
Step "Collect System Parameters" finished#
#2026 08 14 08:07:19.133#Z#DEBUG#2a9679fe-97b7-11f1-91c3-eeee0a9f1a4c.OPERATION#flowable-async-job-executor-thread-16285#
[ProcessDescriptorStep] Executing task "processDescriptorTask" of process "2a96a134-97b7-11f1-91c3-eeee0a9f1a4c"...#
#2026 08 14 08:07:19.134#Z#DEBUG#2a9679fe-97b7-11f1-91c3-eeee0a9f1a4c.OPERATION#flowable-async-job-executor-thread-16285#
[ProcessDescriptorStep] Resolving properties and parameters in merged descriptor...#
#2026 08 14 08:07:19.139#Z#DEBUG#2a9679fe-97b7-11f1-91c3-eeee0a9f1a4c.OPERATION#flowable-async-job-executor-thread-16285#
[ProcessDescriptorStep] Subscriptions: [ ]#
#2026 08 14 08:07:19.139#Z#DEBUG#2a9679fe-97b7-11f1-91c3-eeee0a9f1a4c.OPERATION#flowable-async-job-executor-thread-16285#
[ProcessDescriptorStep] MTA modules: [loyalty-rewards-srv, loyalty-rewards-app-deployer, loyalty-rewards-db-deployer, loyalty-rewards]#
#2026 08 14 08:07:19.140#Z#DEBUG#2a9679fe-97b7-11f1-91c3-eeee0a9f1a4c.OPERATION#flowable-async-job-executor-thread-16285#
[ProcessDescriptorStep] Resolved deployment descriptor: {
  "majorSchemaVersion" : 3,
  "schemaVersion" : "3.3.0",
  "id" : "loyalty-rewards",
  "version" : "1.0.0",
  "modules" : [ {
    "majorSchemaVersion" : 3,
    "name" : "loyalty-rewards-srv",
    "type" : "javascript.nodejs",
    "path" : "loyalty-rewards-srv",
    "properties" : { },
    "parameters" : {
      "default-url" : "https://9231c958trial-dev-loyalty-rewards-srv.cfapps.us10-001.hana.ondemand.com",
      "default-app-name" : "loyalty-rewards-srv",
      "generated-password" : "********",
      "default-live-url" : "https://9231c958trial-dev-loyalty-rewards-srv.cfapps.us10-001.hana.ondemand.com",
      "default-uri" : "9231c958trial-dev-loyalty-rewards-srv.cfapps.us10-001.hana.ondemand.com",
      "default-instances" : 1,
      "default-live-host" : "9231c958trial-dev-loyalty-rewards-srv",
      "instances" : 1,
      "buildpack" : "nodejs_buildpack",
      "default-host" : "9231c958trial-dev-loyalty-rewards-srv",
      "app-name" : "loyalty-rewards-srv",
      "default-live-uri" : "9231c958trial-dev-loyalty-rewards-srv.cfapps.us10-001.hana.ondemand.com",
      "protocol" : "https",
      "default-live-app-name" : "loyalty-rewards-srv",
      "default-live-domain" : "cfapps.us10-001.hana.ondemand.com",
      "domain" : "cfapps.us10-001.hana.ondemand.com",
      "host" : "9231c958trial-dev-loyalty-rewards-srv",
      "generated-user" : "********"
    },
    "requiredDependencies" : [ {
      "majorSchemaVersion" : 3,
      "name" : "********",
      "properties" : { },
      "parameters" : { },
      "propertiesMetadata" : {
        "metadata" : { }
      },
      "parametersMetadata" : {
        "metadata" : { }
      }
    }, {
      "majorSchemaVersion" : 3,
      "name" : "loyalty-rewards-db",
      "properties" : { },
      "parameters" : { },
      "propertiesMetadata" : {
        "metadata" : { }
      },
      "parametersMetadata" : {
        "metadata" : { }
      }
    } ],
    "providedDependencies" : [ {
      "majorSchemaVersion" : 3,
      "name" : "srv-api",
      "isPublic" : false,
      "properties" : {
        "srv-url" : "https://9231c958trial-dev-loyalty-rewards-srv.cfapps.us10-001.hana.ondemand.com"
      },
      "parameters" : { },
      "propertiesMetadata" : {
        "metadata" : { }
      },
      "parametersMetadata" : {
        "metadata" : { }
      }
    }, {
      "majorSchemaVersion" : 3,
      "name" : "loyalty-rewards-srv",
      "isPublic" : false,
      "properties" : { },
      "parameters" : { },
      "propertiesMetadata" : {
        "metadata" : { }
      },
      "parametersMetadata" : {
        "metadata" : { }
      }
    } ],
    "propertiesMetadata" : {
      "metadata" : { }
    },
    "parametersMetadata" : {
      "metadata" : { }
    },
    "hooks" : [ ]
  }, {
    "majorSchemaVersion" : 3,
    "name" : "loyalty-rewards-db-deployer",
    "type" : "com.sap.xs.hdi",
    "path" : "loyalty-rewards-db-deployer",
    "properties" : {
      "EXIT" : 1
    },
    "parameters" : {
      "default-url" : "https://9231c958trial-dev-loyalty-rewards-db-deployer.cfapps.us10-001.hana.ondemand.com",
      "default-app-name" : "loyalty-rewards-db-deployer",
      "generated-password" : "********",
      "default-live-url" : "https://9231c958trial-dev-loyalty-rewards-db-deployer.cfapps.us10-001.hana.ondemand.com",
      "default-uri" : "9231c958trial-dev-loyalty-rewards-db-deployer.cfapps.us10-001.hana.ondemand.com",
      "memory" : "256M",
      "default-instances" : 1,
      "no-route" : true,
      "default-live-host" : "9231c958trial-dev-loyalty-rewards-db-deployer",
      "instances" : 1,
      "buildpack" : "nodejs_buildpack",
      "default-host" : "9231c958trial-dev-loyalty-rewards-db-deployer",
      "app-name" : "loyalty-rewards-db-deployer",
      "default-live-uri" : "9231c958trial-dev-loyalty-rewards-db-deployer.cfapps.us10-001.hana.ondemand.com",
      "protocol" : "https",
      "default-live-app-name" : "loyalty-rewards-db-deployer",
      "default-live-domain" : "cfapps.us10-001.hana.ondemand.com",
      "dependency-type" : "hard",
      "domain" : "cfapps.us10-001.hana.ondemand.com",
      "host" : "9231c958trial-dev-loyalty-rewards-db-deployer",
      "generated-user" : "********",
      "tasks" : [ {
        "command" : "npm start",
        "memory" : "256M",
        "name" : "deploy"
      } ],
      "no-start" : true
    },
    "requiredDependencies" : [ {
      "majorSchemaVersion" : 3,
      "name" : "loyalty-rewards-db",
      "properties" : { },
      "parameters" : { },
      "propertiesMetadata" : {
        "metadata" : { }
      },
      "parametersMetadata" : {
        "metadata" : { }
      }
    } ],
    "providedDependencies" : [ {
      "majorSchemaVersion" : 3,
      "name" : "loyalty-rewards-db-deployer",
      "isPublic" : false,
      "properties" : { },
      "parameters" : { },
      "propertiesMetadata" : {
        "metadata" : { }
      },
      "parametersMetadata" : {
        "metadata" : { }
      }
    } ],
    "propertiesMetadata" : {
      "metadata" : { }
    },
    "parametersMetadata" : {
      "metadata" : { }
    },
    "hooks" : [ ]
  }, {
    "majorSchemaVersion" : 3,
    "name" : "loyalty-rewards",
    "type" : "javascript.nodejs",
    "path" : "loyalty-rewards",
    "properties" : { },
    "parameters" : {
      "default-url" : "https://9231c958trial-dev-loyalty-rewards.cfapps.us10-001.hana.ondemand.com",
      "default-app-name" : "loyalty-rewards",
      "generated-password" : "********",
      "default-live-url" : "https://9231c958trial-dev-loyalty-rewards.cfapps.us10-001.hana.ondemand.com",
      "default-uri" : "9231c958trial-dev-loyalty-rewards.cfapps.us10-001.hana.ondemand.com",
      "memory" : "256M",
      "default-instances" : 1,
      "default-live-host" : "9231c958trial-dev-loyalty-rewards",
      "instances" : 1,
      "default-host" : "9231c958trial-dev-loyalty-rewards",
      "keep-existing-routes" : true,
      "app-name" : "loyalty-rewards",
      "default-live-uri" : "9231c958trial-dev-loyalty-rewards.cfapps.us10-001.hana.ondemand.com",
      "protocol" : "https",
      "default-live-app-name" : "loyalty-rewards",
      "default-live-domain" : "cfapps.us10-001.hana.ondemand.com",
      "disk-quota" : "256M",
      "domain" : "cfapps.us10-001.hana.ondemand.com",
      "host" : "9231c958trial-dev-loyalty-rewards",
      "generated-user" : "********"
    },
    "requiredDependencies" : [ {
      "majorSchemaVersion" : 3,
      "name" : "srv-api",
      "group" : "destinations",
      "properties" : {
        "name" : "srv-api",
        "forwardAuthToken" : "********",
        "url" : "https://9231c958trial-dev-loyalty-rewards-srv.cfapps.us10-001.hana.ondemand.com"
      },
      "parameters" : { },
      "propertiesMetadata" : {
        "metadata" : { }
      },
      "parametersMetadata" : {
        "metadata" : { }
      }
    }, {
      "majorSchemaVersion" : 3,
      "name" : "********",
      "properties" : { },
      "parameters" : { },
      "propertiesMetadata" : {
        "metadata" : { }
      },
      "parametersMetadata" : {
        "metadata" : { }
      }
    }, {
      "majorSchemaVersion" : 3,
      "name" : "loyalty-rewards-html5-runtime",
      "properties" : { },
      "parameters" : { },
      "propertiesMetadata" : {
        "metadata" : { }
      },
      "parametersMetadata" : {
        "metadata" : { }
      }
    }, {
      "majorSchemaVersion" : 3,
      "name" : "loyalty-rewards-destination-service",
      "group" : "destinations",
      "properties" : {
        "name" : "ui5",
        "forwardAuthToken" : "********",
        "url" : "https://ui5.sap.com"
      },
      "parameters" : { },
      "propertiesMetadata" : {
        "metadata" : { }
      },
      "parametersMetadata" : {
        "metadata" : { }
      }
    } ],
    "providedDependencies" : [ {
      "majorSchemaVersion" : 3,
      "name" : "app-api",
      "isPublic" : false,
      "properties" : {
        "app-protocol" : "https",
        "app-uri" : "9231c958trial-dev-loyalty-rewards.cfapps.us10-001.hana.ondemand.com"
      },
      "parameters" : { },
      "propertiesMetadata" : {
        "metadata" : { }
      },
      "parametersMetadata" : {
        "metadata" : { }
      }
    }, {
      "majorSchemaVersion" : 3,
      "name" : "loyalty-rewards",
      "isPublic" : false,
      "properties" : { },
      "parameters" : { },
      "propertiesMetadata" : {
        "metadata" : { }
      },
      "parametersMetadata" : {
        "metadata" : { }
      }
    } ],
    "propertiesMetadata" : {
      "metadata" : { }
    },
    "parametersMetadata" : {
      "metadata" : { }
    },
    "hooks" : [ ]
  }, {
    "majorSchemaVersion" : 3,
    "name" : "loyalty-rewards-app-deployer",
    "type" : "com.sap.application.content",
    "path" : "loyalty-rewards-app-deployer",
    "properties" : { },
    "parameters" : {
      "default-url" : "https://9231c958trial-dev-loyalty-rewards-app-deployer.cfapps.us10-001.hana.ondemand.com",
      "default-app-name" : "loyalty-rewards-app-deployer",
      "generated-password" : "********",
      "default-live-url" : "https://9231c958trial-dev-loyalty-rewards-app-deployer.cfapps.us10-001.hana.ondemand.com",
      "default-uri" : "9231c958trial-dev-loyalty-rewards-app-deployer.cfapps.us10-001.hana.ondemand.com",
      "default-instances" : 1,
      "default-live-host" : "9231c958trial-dev-loyalty-rewards-app-deployer",
      "instances" : 1,
      "default-host" : "9231c958trial-dev-loyalty-rewards-app-deployer",
      "app-name" : "loyalty-rewards-app-deployer",
      "default-live-uri" : "9231c958trial-dev-loyalty-rewards-app-deployer.cfapps.us10-001.hana.ondemand.com",
      "protocol" : "https",
      "default-live-app-name" : "loyalty-rewards-app-deployer",
      "default-live-domain" : "cfapps.us10-001.hana.ondemand.com",
      "domain" : "cfapps.us10-001.hana.ondemand.com",
      "host" : "9231c958trial-dev-loyalty-rewards-app-deployer",
      "generated-user" : "********"
    },
    "requiredDependencies" : [ {
      "majorSchemaVersion" : 3,
      "name" : "********",
      "properties" : { },
      "parameters" : { },
      "propertiesMetadata" : {
        "metadata" : { }
      },
      "parametersMetadata" : {
        "metadata" : { }
      }
    }, {
      "majorSchemaVersion" : 3,
      "name" : "srv-api",
      "properties" : { },
      "parameters" : { },
      "propertiesMetadata" : {
        "metadata" : { }
      },
      "parametersMetadata" : {
        "metadata" : { }
      }
    }, {
      "majorSchemaVersion" : 3,
      "name" : "loyalty-rewards-html5-repo-host",
      "properties" : { },
      "parameters" : {
        "config" : {
          "HTML5Runtime_enabled" : true
        },
        "content-target" : true
      },
      "propertiesMetadata" : {
        "metadata" : { }
      },
      "parametersMetadata" : {
        "metadata" : { }
      }
    } ],
    "providedDependencies" : [ {
      "majorSchemaVersion" : 3,
      "name" : "loyalty-rewards-app-deployer",
      "isPublic" : false,
      "properties" : { },
      "parameters" : { },
      "propertiesMetadata" : {
        "metadata" : { }
      },
      "parametersMetadata" : {
        "metadata" : { }
      }
    } ],
    "propertiesMetadata" : {
      "metadata" : { }
    },
    "parametersMetadata" : {
      "metadata" : { }
    },
    "hooks" : [ ]
  } ],
  "resources" : [ {
    "majorSchemaVersion" : 3,
    "name" : "********",
    "type" : "org.cloudfoundry.managed-service",
    "properties" : { },
    "parameters" : {
      "generated-password" : "********",
      "path" : "./xs-security.json",
      "service-name" : "********",
      "service-plan" : "application",
      "service" : "xsuaa",
      "generated-user" : "********",
      "default-xsappname" : "********",
      "type" : "managed-service",
      "config" : {
        "oauth2-configuration" : "********",
        "role-collections" : [ {
          "description" : "generated",
          "name" : "admin (loyalty-rewards 9231c958trial-dev)",
          "role-template-references" : [ "$XSAPPNAME.admin" ]
        }, {
          "description" : "generated",
          "name" : "staff (loyalty-rewards 9231c958trial-dev)",
          "role-template-references" : [ "$XSAPPNAME.staff" ]
        }, {
          "description" : "generated",
          "name" : "customer (loyalty-rewards 9231c958trial-dev)",
          "role-template-references" : [ "$XSAPPNAME.customer" ]
        }, {
          "description" : "generated",
          "name" : "********",
          "role-template-references" : [ "********" ]
        } ],
        "tenant-mode" : "dedicated",
        "xsappname" : "loyalty-rewards-9231c958trial-dev"
      },
      "default-service-name" : "********",
      "default-container-name" : "********"
    },
    "isActive" : true,
    "isOptional" : false,
    "propertiesMetadata" : {
      "metadata" : { }
    },
    "parametersMetadata" : {
      "metadata" : { }
    },
    "requiredDependencies" : [ {
      "majorSchemaVersion" : 3,
      "name" : "app-api",
      "properties" : { },
      "parameters" : { },
      "propertiesMetadata" : {
        "metadata" : { }
      },
      "parametersMetadata" : {
        "metadata" : { }
      }
    } ],
    "processedAfter" : [ ]
  }, {
    "majorSchemaVersion" : 3,
    "name" : "loyalty-rewards-db",
    "type" : "com.sap.xs.hdi-container",
    "properties" : { },
    "parameters" : {
      "generated-password" : "********",
      "service-name" : "loyalty-rewards-db",
      "service-plan" : "hdi-shared",
      "service" : "hana",
      "generated-user" : "********",
      "default-xsappname" : "loyalty-rewards-db",
      "type" : "managed-service",
      "default-service-name" : "loyalty-rewards-db",
      "default-container-name" : "9231C958TRIAL_DEV_LOYALTY_REWARDS_DB"
    },
    "isActive" : true,
    "isOptional" : false,
    "propertiesMetadata" : {
      "metadata" : { }
    },
    "parametersMetadata" : {
      "metadata" : { }
    },
    "requiredDependencies" : [ ],
    "processedAfter" : [ ]
  }, {
    "majorSchemaVersion" : 3,
    "name" : "loyalty-rewards-html5-repo-host",
    "type" : "org.cloudfoundry.managed-service",
    "properties" : { },
    "parameters" : {
      "generated-password" : "********",
      "service-name" : "loyalty-rewards-html5-repo-host",
      "service-plan" : "app-host",
      "service" : "html5-apps-repo",
      "generated-user" : "********",
      "default-xsappname" : "loyalty-rewards-html5-repo-host",
      "type" : "managed-service",
      "default-service-name" : "loyalty-rewards-html5-repo-host",
      "default-container-name" : "9231C958TRIAL_DEV_LOYALTY_REWARDS_HTML5_REPO_HOST"
    },
    "isActive" : true,
    "isOptional" : false,
    "propertiesMetadata" : {
      "metadata" : { }
    },
    "parametersMetadata" : {
      "metadata" : { }
    },
    "requiredDependencies" : [ ],
    "processedAfter" : [ ]
  }, {
    "majorSchemaVersion" : 3,
    "name" : "loyalty-rewards-html5-runtime",
    "type" : "org.cloudfoundry.managed-service",
    "properties" : { },
    "parameters" : {
      "generated-password" : "********",
      "service-name" : "loyalty-rewards-html5-runtime",
      "service-plan" : "app-runtime",
      "service" : "html5-apps-repo",
      "generated-user" : "********",
      "default-xsappname" : "loyalty-rewards-html5-runtime",
      "type" : "managed-service",
      "default-service-name" : "loyalty-rewards-html5-runtime",
      "default-container-name" : "9231C958TRIAL_DEV_LOYALTY_REWARDS_HTML5_RUNTIME"
    },
    "isActive" : true,
    "isOptional" : false,
    "propertiesMetadata" : {
      "metadata" : { }
    },
    "parametersMetadata" : {
      "metadata" : { }
    },
    "requiredDependencies" : [ ],
    "processedAfter" : [ ]
  }, {
    "majorSchemaVersion" : 3,
    "name" : "loyalty-rewards-destination-service",
    "type" : "org.cloudfoundry.managed-service",
    "properties" : { },
    "parameters" : {
      "generated-password" : "********",
      "service-name" : "loyalty-rewards-destination-service",
      "service-plan" : "lite",
      "service" : "destination",
      "generated-user" : "********",
      "default-xsappname" : "loyalty-rewards-destination-service",
      "type" : "managed-service",
      "config" : {
        "HTML5Runtime_enabled" : false,
        "init_data" : {
          "instance" : {
            "destinations" : [ {
              "Authentication" : "********",
              "Name" : "ui5",
              "ProxyType" : "Internet",
              "Type" : "HTTP",
              "URL" : "https://ui5.sap.com"
            } ],
            "existing_destinations_policy" : "update"
          }
        },
        "version" : "1.0.0"
      },
      "default-service-name" : "loyalty-rewards-destination-service",
      "default-container-name" : "9231C958TRIAL_DEV_LOYALTY_REWARDS_DESTINATION_SERVICE"
    },
    "isActive" : true,
    "isOptional" : false,
    "propertiesMetadata" : {
      "metadata" : { }
    },
    "parametersMetadata" : {
      "metadata" : { }
    },
    "requiredDependencies" : [ ],
    "processedAfter" : [ ]
  } ],
  "parameters" : {
    "deploy_mode" : "html5-repo",
    "mta-id" : "loyalty-rewards",
    "authorization-url" : "********",
    "org-guid" : "63335efc-dd3c-4a4f-8ecb-707a0e17e6db",
    "org" : "9231c958trial",
    "deploy-target" : "9231c958trial dev",
    "enable-parallel-deployments" : true,
    "region-primary-domain" : "us10.hana.ondemand.com",
    "space" : "dev",
    "region-domain" : "us10-001.hana.ondemand.com",
    "xs-api-url" : "https://api.cf.us10-001.hana.ondemand.com",
    "deploy-url" : "deploy-service.cfapps.us10-001.hana.ondemand.com",
    "xs-type" : "CF",
    "default-domain" : "cfapps.us10-001.hana.ondemand.com",
    "mta-version" : "1.0.0",
    "xs-auth-url" : "********",
    "space-guid" : "2f8af6dc-e97b-487c-9ee9-8b1bb9eeccbd",
    "user" : "********",
    "controller-url" : "https://api.cf.us10-001.hana.ondemand.com",
    "timestamp" : "20260814080717"
  },
  "parametersMetadata" : {
    "metadata" : { }
  }
}#
#2026 08 14 08:07:19.140#Z#DEBUG#2a9679fe-97b7-11f1-91c3-eeee0a9f1a4c.OPERATION#flowable-async-job-executor-thread-16285#
[ProcessDescriptorStep] Merged descriptor properties and parameters resolved#
#2026 08 14 08:07:19.140#Z#DEBUG#2a9679fe-97b7-11f1-91c3-eeee0a9f1a4c.OPERATION#flowable-async-job-executor-thread-16285#
Step "Process Descriptor Step" finished#
#2026 08 14 08:07:19.175#Z#DEBUG#2a9679fe-97b7-11f1-91c3-eeee0a9f1a4c.OPERATION#flowable-async-job-executor-thread-16285#
[XS2BuildCloudDeployModelStep] Executing task "buildDeployModelTask" of process "2a96a134-97b7-11f1-91c3-eeee0a9f1a4c"...#
#2026 08 14 08:07:19.179#Z#DEBUG#2a9679fe-97b7-11f1-91c3-eeee0a9f1a4c.OPERATION#flowable-async-job-executor-thread-16285#
[XS2BuildCloudDeployModelStep] Service keys defined for content deployment grouped by service name: {
  "loyalty-rewards-html5-repo-host" : [ {
    "name" : "********",
    "v3Metadata" : {
      "annotations" : {
        "mta_id" : "loyalty-rewards",
        "mta_version" : "1.0.0"
      },
      "labels" : {
        "mta_id" : "f9c84457d5c39d62b12785a15b1ffb96",
        "space_guid" : "2f8af6dc-e97b-487c-9ee9-8b1bb9eeccbd"
      }
    },
    "credentials" : "********",
    "moduleName" : "loyalty-rewards-app-deployer",
    "resourceName" : "loyalty-rewards-html5-repo-host",
    "serviceInstance" : {
      "isOptional" : false,
      "isManaged" : false,
      "name" : "loyalty-rewards-html5-repo-host",
      "credentials" : "********",
      "tags" : [ ],
      "shouldSkipParametersUpdate" : false,
      "shouldSkipPlanUpdate" : false,
      "shouldSkipTagsUpdate" : false,
      "shouldSkipSyslogUrlUpdate" : false
    },
    "shouldDeleteServiceKeyAfterDeploy" : "********",
    "resourceType" : "org.cloudfoundry.managed-service"
  } ],
  "loyalty-rewards-auth" : "********"
}#
#2026 08 14 08:07:19.179#Z#DEBUG#2a9679fe-97b7-11f1-91c3-eeee0a9f1a4c.OPERATION#flowable-async-job-executor-thread-16285#
[XS2BuildCloudDeployModelStep] Building cloud deployment model...#
#2026 08 14 08:07:19.181#Z#DEBUG#2a9679fe-97b7-11f1-91c3-eeee0a9f1a4c.OPERATION#flowable-async-job-executor-thread-16285#
[XS2BuildCloudDeployModelStep] MTA archive modules: [loyalty-rewards-srv, loyalty-rewards-app-deployer, loyalty-rewards-db-deployer, loyalty-rewards]#
#2026 08 14 08:07:19.181#Z#DEBUG#2a9679fe-97b7-11f1-91c3-eeee0a9f1a4c.OPERATION#flowable-async-job-executor-thread-16285#
[XS2BuildCloudDeployModelStep] Deployed modules: [loyalty-rewards, loyalty-rewards-db-deployer, loyalty-rewards-srv]#
#2026 08 14 08:07:19.182#Z#DEBUG#2a9679fe-97b7-11f1-91c3-eeee0a9f1a4c.OPERATION#flowable-async-job-executor-thread-16285#
[XS2BuildCloudDeployModelStep] MTA modules: [loyalty-rewards-srv, loyalty-rewards-app-deployer, loyalty-rewards-db-deployer, loyalty-rewards]#
#2026 08 14 08:07:19.182#Z#DEBUG#2a9679fe-97b7-11f1-91c3-eeee0a9f1a4c.OPERATION#flowable-async-job-executor-thread-16285#
[XS2BuildCloudDeployModelStep] Service keys to create: {
  "loyalty-rewards-db" : [ ],
  "loyalty-rewards-html5-repo-host" : [ ],
  "loyalty-rewards-auth" : "********",
  "loyalty-rewards-destination-service" : [ ],
  "loyalty-rewards-html5-runtime" : [ ]
}#
#2026 08 14 08:07:19.183#Z#DEBUG#2a9679fe-97b7-11f1-91c3-eeee0a9f1a4c.OPERATION#flowable-async-job-executor-thread-16285#
[XS2BuildCloudDeployModelStep] Modules to deploy: [{
  "majorSchemaVersion" : 3,
  "name" : "loyalty-rewards-srv",
  "type" : "javascript.nodejs",
  "path" : "loyalty-rewards-srv",
  "properties" : { },
  "parameters" : {
    "default-url" : "https://9231c958trial-dev-loyalty-rewards-srv.cfapps.us10-001.hana.ondemand.com",
    "default-app-name" : "loyalty-rewards-srv",
    "generated-password" : "********",
    "default-live-url" : "https://9231c958trial-dev-loyalty-rewards-srv.cfapps.us10-001.hana.ondemand.com",
    "default-uri" : "9231c958trial-dev-loyalty-rewards-srv.cfapps.us10-001.hana.ondemand.com",
    "default-instances" : 1,
    "default-live-host" : "9231c958trial-dev-loyalty-rewards-srv",
    "instances" : 1,
    "buildpack" : "nodejs_buildpack",
    "default-host" : "9231c958trial-dev-loyalty-rewards-srv",
    "app-name" : "loyalty-rewards-srv",
    "default-live-uri" : "9231c958trial-dev-loyalty-rewards-srv.cfapps.us10-001.hana.ondemand.com",
    "protocol" : "https",
    "default-live-app-name" : "loyalty-rewards-srv",
    "default-live-domain" : "cfapps.us10-001.hana.ondemand.com",
    "dependency-type" : "soft",
    "domain" : "cfapps.us10-001.hana.ondemand.com",
    "host" : "9231c958trial-dev-loyalty-rewards-srv",
    "generated-user" : "********"
  },
  "requiredDependencies" : [ {
    "majorSchemaVersion" : 3,
    "name" : "********",
    "properties" : { },
    "parameters" : { },
    "propertiesMetadata" : {
      "metadata" : { }
    },
    "parametersMetadata" : {
      "metadata" : { }
    }
  }, {
    "majorSchemaVersion" : 3,
    "name" : "loyalty-rewards-db",
    "properties" : { },
    "parameters" : { },
    "propertiesMetadata" : {
      "metadata" : { }
    },
    "parametersMetadata" : {
      "metadata" : { }
    }
  } ],
  "providedDependencies" : [ {
    "majorSchemaVersion" : 3,
    "name" : "srv-api",
    "isPublic" : false,
    "properties" : {
      "srv-url" : "https://9231c958trial-dev-loyalty-rewards-srv.cfapps.us10-001.hana.ondemand.com"
    },
    "parameters" : { },
    "propertiesMetadata" : {
      "metadata" : { }
    },
    "parametersMetadata" : {
      "metadata" : { }
    }
  }, {
    "majorSchemaVersion" : 3,
    "name" : "loyalty-rewards-srv",
    "isPublic" : false,
    "properties" : { },
    "parameters" : { },
    "propertiesMetadata" : {
      "metadata" : { }
    },
    "parametersMetadata" : {
      "metadata" : { }
    }
  } ],
  "propertiesMetadata" : {
    "metadata" : { }
  },
  "parametersMetadata" : {
    "metadata" : { }
  },
  "deployedAfter" : [ ],
  "hooks" : [ ]
}, {
  "majorSchemaVersion" : 3,
  "name" : "loyalty-rewards-db-deployer",
  "type" : "com.sap.xs.hdi",
  "path" : "loyalty-rewards-db-deployer",
  "properties" : {
    "EXIT" : 1
  },
  "parameters" : {
    "default-url" : "https://9231c958trial-dev-loyalty-rewards-db-deployer.cfapps.us10-001.hana.ondemand.com",
    "default-app-name" : "loyalty-rewards-db-deployer",
    "generated-password" : "********",
    "default-live-url" : "https://9231c958trial-dev-loyalty-rewards-db-deployer.cfapps.us10-001.hana.ondemand.com",
    "default-uri" : "9231c958trial-dev-loyalty-rewards-db-deployer.cfapps.us10-001.hana.ondemand.com",
    "memory" : "256M",
    "default-instances" : 1,
    "no-route" : true,
    "default-live-host" : "9231c958trial-dev-loyalty-rewards-db-deployer",
    "instances" : 1,
    "buildpack" : "nodejs_buildpack",
    "default-host" : "9231c958trial-dev-loyalty-rewards-db-deployer",
    "app-name" : "loyalty-rewards-db-deployer",
    "default-live-uri" : "9231c958trial-dev-loyalty-rewards-db-deployer.cfapps.us10-001.hana.ondemand.com",
    "protocol" : "https",
    "default-live-app-name" : "loyalty-rewards-db-deployer",
    "default-live-domain" : "cfapps.us10-001.hana.ondemand.com",
    "dependency-type" : "hard",
    "domain" : "cfapps.us10-001.hana.ondemand.com",
    "host" : "9231c958trial-dev-loyalty-rewards-db-deployer",
    "generated-user" : "********",
    "tasks" : [ {
      "command" : "npm start",
      "memory" : "256M",
      "name" : "deploy"
    } ],
    "no-start" : true
  },
  "requiredDependencies" : [ {
    "majorSchemaVersion" : 3,
    "name" : "loyalty-rewards-db",
    "properties" : { },
    "parameters" : { },
    "propertiesMetadata" : {
      "metadata" : { }
    },
    "parametersMetadata" : {
      "metadata" : { }
    }
  } ],
  "providedDependencies" : [ {
    "majorSchemaVersion" : 3,
    "name" : "loyalty-rewards-db-deployer",
    "isPublic" : false,
    "properties" : { },
    "parameters" : { },
    "propertiesMetadata" : {
      "metadata" : { }
    },
    "parametersMetadata" : {
      "metadata" : { }
    }
  } ],
  "propertiesMetadata" : {
    "metadata" : { }
  },
  "parametersMetadata" : {
    "metadata" : { }
  },
  "deployedAfter" : [ ],
  "hooks" : [ ]
}, {
  "majorSchemaVersion" : 3,
  "name" : "loyalty-rewards",
  "type" : "javascript.nodejs",
  "path" : "loyalty-rewards",
  "properties" : { },
  "parameters" : {
    "default-url" : "https://9231c958trial-dev-loyalty-rewards.cfapps.us10-001.hana.ondemand.com",
    "default-app-name" : "loyalty-rewards",
    "generated-password" : "********",
    "default-live-url" : "https://9231c958trial-dev-loyalty-rewards.cfapps.us10-001.hana.ondemand.com",
    "default-uri" : "9231c958trial-dev-loyalty-rewards.cfapps.us10-001.hana.ondemand.com",
    "memory" : "256M",
    "default-instances" : 1,
    "default-live-host" : "9231c958trial-dev-loyalty-rewards",
    "instances" : 1,
    "default-host" : "9231c958trial-dev-loyalty-rewards",
    "keep-existing-routes" : true,
    "app-name" : "loyalty-rewards",
    "default-live-uri" : "9231c958trial-dev-loyalty-rewards.cfapps.us10-001.hana.ondemand.com",
    "protocol" : "https",
    "default-live-app-name" : "loyalty-rewards",
    "default-live-domain" : "cfapps.us10-001.hana.ondemand.com",
    "disk-quota" : "256M",
    "dependency-type" : "soft",
    "domain" : "cfapps.us10-001.hana.ondemand.com",
    "host" : "9231c958trial-dev-loyalty-rewards",
    "generated-user" : "********"
  },
  "requiredDependencies" : [ {
    "majorSchemaVersion" : 3,
    "name" : "srv-api",
    "group" : "destinations",
    "properties" : {
      "name" : "srv-api",
      "forwardAuthToken" : "********",
      "url" : "https://9231c958trial-dev-loyalty-rewards-srv.cfapps.us10-001.hana.ondemand.com"
    },
    "parameters" : { },
    "propertiesMetadata" : {
      "metadata" : { }
    },
    "parametersMetadata" : {
      "metadata" : { }
    }
  }, {
    "majorSchemaVersion" : 3,
    "name" : "********",
    "properties" : { },
    "parameters" : { },
    "propertiesMetadata" : {
      "metadata" : { }
    },
    "parametersMetadata" : {
      "metadata" : { }
    }
  }, {
    "majorSchemaVersion" : 3,
    "name" : "loyalty-rewards-html5-runtime",
    "properties" : { },
    "parameters" : { },
    "propertiesMetadata" : {
      "metadata" : { }
    },
    "parametersMetadata" : {
      "metadata" : { }
    }
  }, {
    "majorSchemaVersion" : 3,
    "name" : "loyalty-rewards-destination-service",
    "group" : "destinations",
    "properties" : {
      "name" : "ui5",
      "forwardAuthToken" : "********",
      "url" : "https://ui5.sap.com"
    },
    "parameters" : { },
    "propertiesMetadata" : {
      "metadata" : { }
    },
    "parametersMetadata" : {
      "metadata" : { }
    }
  } ],
  "providedDependencies" : [ {
    "majorSchemaVersion" : 3,
    "name" : "app-api",
    "isPublic" : false,
    "properties" : {
      "app-protocol" : "https",
      "app-uri" : "9231c958trial-dev-loyalty-rewards.cfapps.us10-001.hana.ondemand.com"
    },
    "parameters" : { },
    "propertiesMetadata" : {
      "metadata" : { }
    },
    "parametersMetadata" : {
      "metadata" : { }
    }
  }, {
    "majorSchemaVersion" : 3,
    "name" : "loyalty-rewards",
    "isPublic" : false,
    "properties" : { },
    "parameters" : { },
    "propertiesMetadata" : {
      "metadata" : { }
    },
    "parametersMetadata" : {
      "metadata" : { }
    }
  } ],
  "propertiesMetadata" : {
    "metadata" : { }
  },
  "parametersMetadata" : {
    "metadata" : { }
  },
  "deployedAfter" : [ ],
  "hooks" : [ ]
}, {
  "majorSchemaVersion" : 3,
  "name" : "loyalty-rewards-app-deployer",
  "type" : "com.sap.application.content",
  "path" : "loyalty-rewards-app-deployer",
  "properties" : { },
  "parameters" : {
    "default-url" : "https://9231c958trial-dev-loyalty-rewards-app-deployer.cfapps.us10-001.hana.ondemand.com",
    "default-app-name" : "loyalty-rewards-app-deployer",
    "generated-password" : "********",
    "default-live-url" : "https://9231c958trial-dev-loyalty-rewards-app-deployer.cfapps.us10-001.hana.ondemand.com",
    "default-uri" : "9231c958trial-dev-loyalty-rewards-app-deployer.cfapps.us10-001.hana.ondemand.com",
    "default-instances" : 1,
    "default-live-host" : "9231c958trial-dev-loyalty-rewards-app-deployer",
    "instances" : 1,
    "default-host" : "9231c958trial-dev-loyalty-rewards-app-deployer",
    "app-name" : "loyalty-rewards-app-deployer",
    "default-live-uri" : "9231c958trial-dev-loyalty-rewards-app-deployer.cfapps.us10-001.hana.ondemand.com",
    "protocol" : "https",
    "default-live-app-name" : "loyalty-rewards-app-deployer",
    "default-live-domain" : "cfapps.us10-001.hana.ondemand.com",
    "dependency-type" : "soft",
    "domain" : "cfapps.us10-001.hana.ondemand.com",
    "host" : "9231c958trial-dev-loyalty-rewards-app-deployer",
    "generated-user" : "********"
  },
  "requiredDependencies" : [ {
    "majorSchemaVersion" : 3,
    "name" : "********",
    "properties" : { },
    "parameters" : { },
    "propertiesMetadata" : {
      "metadata" : { }
    },
    "parametersMetadata" : {
      "metadata" : { }
    }
  }, {
    "majorSchemaVersion" : 3,
    "name" : "srv-api",
    "properties" : { },
    "parameters" : { },
    "propertiesMetadata" : {
      "metadata" : { }
    },
    "parametersMetadata" : {
      "metadata" : { }
    }
  }, {
    "majorSchemaVersion" : 3,
    "name" : "loyalty-rewards-html5-repo-host",
    "properties" : { },
    "parameters" : {
      "config" : {
        "HTML5Runtime_enabled" : true
      },
      "content-target" : true
    },
    "propertiesMetadata" : {
      "metadata" : { }
    },
    "parametersMetadata" : {
      "metadata" : { }
    }
  } ],
  "providedDependencies" : [ {
    "majorSchemaVersion" : 3,
    "name" : "loyalty-rewards-app-deployer",
    "isPublic" : false,
    "properties" : { },
    "parameters" : { },
    "propertiesMetadata" : {
      "metadata" : { }
    },
    "parametersMetadata" : {
      "metadata" : { }
    }
  } ],
  "propertiesMetadata" : {
    "metadata" : { }
  },
  "parametersMetadata" : {
    "metadata" : { }
  },
  "deployedAfter" : [ ],
  "hooks" : [ ]
}]#
#2026 08 14 08:07:19.184#Z#DEBUG#2a9679fe-97b7-11f1-91c3-eeee0a9f1a4c.OPERATION#flowable-async-job-executor-thread-16285#
[XS2BuildCloudDeployModelStep] Custom domains: []#
#2026 08 14 08:07:19.186#Z#DEBUG#2a9679fe-97b7-11f1-91c3-eeee0a9f1a4c.OPERATION#flowable-async-job-executor-thread-16285#
[XS2BuildCloudDeployModelStep] Calculating resource batches...#
#2026 08 14 08:07:19.186#Z#DEBUG#2a9679fe-97b7-11f1-91c3-eeee0a9f1a4c.OPERATION#flowable-async-job-executor-thread-16285#
[XS2BuildCloudDeployModelStep] Calculating resource batches completed.#
#2026 08 14 08:07:19.186#Z#DEBUG#2a9679fe-97b7-11f1-91c3-eeee0a9f1a4c.OPERATION#flowable-async-job-executor-thread-16285#
[XS2BuildCloudDeployModelStep] Cloud deployment model built#
#2026 08 14 08:07:19.186#Z#DEBUG#2a9679fe-97b7-11f1-91c3-eeee0a9f1a4c.OPERATION#flowable-async-job-executor-thread-16285#
Step "Build Deploy Model" finished#
#2026 08 14 08:07:19.228#Z#DEBUG#2a9679fe-97b7-11f1-91c3-eeee0a9f1a4c.OPERATION#flowable-async-job-executor-thread-16282#
[BuildCloudUndeployModelStep] Executing task "buildUndeployModelTask" of process "2a96a134-97b7-11f1-91c3-eeee0a9f1a4c"...#
#2026 08 14 08:07:19.229#Z#DEBUG#2a9679fe-97b7-11f1-91c3-eeee0a9f1a4c.OPERATION#flowable-async-job-executor-thread-16282#
[BuildCloudUndeployModelStep] Building cloud undeployment model...#
#2026 08 14 08:07:19.231#Z#DEBUG#2a9679fe-97b7-11f1-91c3-eeee0a9f1a4c.OPERATION#flowable-async-job-executor-thread-16282#
[BuildCloudUndeployModelStep] Detecting service keys to delete.#
#2026 08 14 08:07:19.232#Z#DEBUG#2a9679fe-97b7-11f1-91c3-eeee0a9f1a4c.OPERATION#flowable-async-job-executor-thread-16282#
[BuildCloudUndeployModelStep] Detected deployed service keys by service "{loyalty-rewards-html5-repo-host=[DeployedMtaServiceKey{name=loyalty-rewards-app-deployer-loyalty-rewards-html5-repo-host-credentials, metadata=CloudMetadata{guid=66ac29f5-d2ae-4fe1-ad45-1cfaba3efd02, createdAt=2026-08-13T12:17:29, updatedAt=2026-08-13T12:17:30, url=null}, v3Metadata=Metadata{annotations={mta_id=loyalty-rewards, mta_version=1.0.0}, labels={mta_id=f9c84457d5c39d62b12785a15b1ffb96, space_guid=2f8af6dc-e97b-487c-9ee9-8b1bb9eeccbd}}, credentials=null, serviceInstance=CloudServiceInstance{name=loyalty-rewards-html5-repo-host, metadata=CloudMetadata{guid=14f58301-7770-4fca-a137-9420e332167e, createdAt=2026-08-13T12:17:08, updatedAt=2026-08-13T12:17:08, url=null}, v3Metadata=Metadata{annotations={mta_id=loyalty-rewards, mta_version=1.0.0, mta_resource={"name":"loyalty-rewards-html5-repo-host"}}, labels={mta_id=f9c84457d5c39d62b12785a15b1ffb96}}, label=null, plan=null, provider=null, broker=null, version=null, credentials={}, syslogDrainUrl=null, tags=[], type=managed, lastOperation=null}, serviceKeyOperation=null, resourceName=null}], loyalty-rewards-auth=[DeployedMtaServiceKey{name=loyalty-rewards-app-deployer-loyalty-rewards-auth-credentials, metadata=CloudMetadata{guid=e176a751-7b2d-420d-85ba-fe651e1d46ae, createdAt=2026-08-13T12:17:29, updatedAt=2026-08-13T12:17:30, url=null}, v3Metadata=Metadata{annotations={mta_id=loyalty-rewards, mta_version=1.0.0}, labels={mta_id=f9c84457d5c39d62b12785a15b1ffb96, space_guid=2f8af6dc-e97b-487c-9ee9-8b1bb9eeccbd}}, credentials=null, serviceInstance=CloudServiceInstance{name=loyalty-rewards-auth, metadata=CloudMetadata{guid=d9517d36-f848-437e-b17d-7a592ba1d65c, createdAt=2026-08-13T12:17:09, updatedAt=2026-08-13T12:17:09, url=null}, v3Metadata=Metadata{annotations={mta_id=loyalty-rewards, mta_version=1.0.0, mta_resource={"name":"loyalty-rewards-auth"}}, labels={mta_id=f9c84457d5c39d62b12785a15b1ffb96}}, label=null, plan=null, provider=null, broker=null, version=null, credentials={}, syslogDrainUrl=null, tags=[], type=managed, lastOperation=null}, serviceKeyOperation=null, resourceName=null}]}"#
#2026 08 14 08:07:19.234#Z#DEBUG#2a9679fe-97b7-11f1-91c3-eeee0a9f1a4c.OPERATION#flowable-async-job-executor-thread-16282#
[BuildCloudUndeployModelStep] New service keys by service "{loyalty-rewards-html5-repo-host=[loyalty-rewards-app-deployer-loyalty-rewards-html5-repo-host-credentials], loyalty-rewards-auth=[loyalty-rewards-app-deployer-loyalty-rewards-auth-credentials]}"#
#2026 08 14 08:07:19.236#Z#DEBUG#2a9679fe-97b7-11f1-91c3-eeee0a9f1a4c.OPERATION#flowable-async-job-executor-thread-16282#
[BuildCloudUndeployModelStep] Existing service keys by service "{}"#
#2026 08 14 08:07:19.236#Z#DEBUG#2a9679fe-97b7-11f1-91c3-eeee0a9f1a4c.OPERATION#flowable-async-job-executor-thread-16282#
[BuildCloudUndeployModelStep] Detected service keys to delete "[]"#
#2026 08 14 08:07:19.240#Z#DEBUG#2a9679fe-97b7-11f1-91c3-eeee0a9f1a4c.OPERATION#flowable-async-job-executor-thread-16282#
[BuildCloudUndeployModelStep] MTA modules: [loyalty-rewards-srv, loyalty-rewards-app-deployer, loyalty-rewards-db-deployer, loyalty-rewards]#
#2026 08 14 08:07:19.240#Z#DEBUG#2a9679fe-97b7-11f1-91c3-eeee0a9f1a4c.OPERATION#flowable-async-job-executor-thread-16282#
[BuildCloudUndeployModelStep] Modules to undeploy: [ ]#
#2026 08 14 08:07:19.240#Z#DEBUG#2a9679fe-97b7-11f1-91c3-eeee0a9f1a4c.OPERATION#flowable-async-job-executor-thread-16282#
[BuildCloudUndeployModelStep] Modules that won't be changed: [ ]#
#2026 08 14 08:07:19.242#Z#DEBUG#2a9679fe-97b7-11f1-91c3-eeee0a9f1a4c.OPERATION#flowable-async-job-executor-thread-16282#
[BuildCloudUndeployModelStep] Subscriptions to delete: [ ]#
#2026 08 14 08:07:19.244#Z#DEBUG#2a9679fe-97b7-11f1-91c3-eeee0a9f1a4c.OPERATION#flowable-async-job-executor-thread-16282#
[BuildCloudUndeployModelStep] Cloud services to delete: []#
#2026 08 14 08:07:19.244#Z#DEBUG#2a9679fe-97b7-11f1-91c3-eeee0a9f1a4c.OPERATION#flowable-async-job-executor-thread-16282#
[BuildCloudUndeployModelStep] Cloud applications to undeploy: [ ]#
#2026 08 14 08:07:19.247#Z#DEBUG#2a9679fe-97b7-11f1-91c3-eeee0a9f1a4c.OPERATION#flowable-async-job-executor-thread-16282#
[BuildCloudUndeployModelStep] Cloud undeployment model built#
#2026 08 14 08:07:19.247#Z#DEBUG#2a9679fe-97b7-11f1-91c3-eeee0a9f1a4c.OPERATION#flowable-async-job-executor-thread-16282#
Step "Build Undeploy Model" finished#
#2026 08 14 08:07:19.283#Z#DEBUG#2a9679fe-97b7-11f1-91c3-eeee0a9f1a4c.OPERATION#flowable-async-job-executor-thread-16282#
[AddDomainsStep] Executing task "addDomainsTask" of process "2a96a134-97b7-11f1-91c3-eeee0a9f1a4c"...#
#2026 08 14 08:07:19.285#Z#DEBUG#2a9679fe-97b7-11f1-91c3-eeee0a9f1a4c.OPERATION#flowable-async-job-executor-thread-16282#
[AddDomainsStep] Custom domains: []#
#2026 08 14 08:07:19.285#Z#DEBUG#2a9679fe-97b7-11f1-91c3-eeee0a9f1a4c.OPERATION#flowable-async-job-executor-thread-16282#
Step "Add Domains" finished#
#2026 08 14 08:07:19.424#Z#DEBUG#2a9679fe-97b7-11f1-91c3-eeee0a9f1a4c.OPERATION#flowable-async-job-executor-thread-16279#
[ExtractBatchedServicesWithResolvedDynamicParametersStep] Executing task "prepareModulesDeploymentTask" of process "2bb8b314-97b7-11f1-91c3-eeee0a9f1a4c"...#
#2026 08 14 08:07:19.425#Z#DEBUG#2a9679fe-97b7-11f1-91c3-eeee0a9f1a4c.OPERATION#flowable-async-job-executor-thread-16279#
[ExtractBatchedServicesWithResolvedDynamicParametersStep] Extracting services and resolving dynamic parameters from batch#
#2026 08 14 08:07:19.427#Z#DEBUG#2a9679fe-97b7-11f1-91c3-eeee0a9f1a4c.OPERATION#flowable-async-job-executor-thread-16279#
[ExtractBatchedServicesWithResolvedDynamicParametersStep] Services to create: [ {
  "isOptional" : false,
  "isManaged" : true,
  "name" : "********",
  "v3Metadata" : {
    "annotations" : {
      "mta_id" : "loyalty-rewards",
      "mta_version" : "1.0.0",
      "mta_resource" : "********"
    },
    "labels" : {
      "mta_id" : "f9c84457d5c39d62b12785a15b1ffb96"
    }
  },
  "label" : "xsuaa",
  "plan" : "application",
  "credentials" : "********",
  "tags" : [ ],
  "type" : "managed",
  "resourceName" : "********",
  "shouldSkipParametersUpdate" : false,
  "shouldSkipPlanUpdate" : false,
  "shouldSkipTagsUpdate" : false,
  "shouldSkipSyslogUrlUpdate" : false
}, {
  "isOptional" : false,
  "isManaged" : true,
  "name" : "loyalty-rewards-db",
  "v3Metadata" : {
    "annotations" : {
      "mta_id" : "loyalty-rewards",
      "mta_version" : "1.0.0",
      "mta_resource" : "{\"name\":\"loyalty-rewards-db\"}"
    },
    "labels" : {
      "mta_id" : "f9c84457d5c39d62b12785a15b1ffb96"
    }
  },
  "label" : "hana",
  "plan" : "hdi-shared",
  "credentials" : "********",
  "tags" : [ ],
  "type" : "managed",
  "resourceName" : "loyalty-rewards-db",
  "shouldSkipParametersUpdate" : false,
  "shouldSkipPlanUpdate" : false,
  "shouldSkipTagsUpdate" : false,
  "shouldSkipSyslogUrlUpdate" : false
}, {
  "isOptional" : false,
  "isManaged" : true,
  "name" : "loyalty-rewards-html5-repo-host",
  "v3Metadata" : {
    "annotations" : {
      "mta_id" : "loyalty-rewards",
      "mta_version" : "1.0.0",
      "mta_resource" : "{\"name\":\"loyalty-rewards-html5-repo-host\"}"
    },
    "labels" : {
      "mta_id" : "f9c84457d5c39d62b12785a15b1ffb96"
    }
  },
  "label" : "html5-apps-repo",
  "plan" : "app-host",
  "credentials" : "********",
  "tags" : [ ],
  "type" : "managed",
  "resourceName" : "loyalty-rewards-html5-repo-host",
  "shouldSkipParametersUpdate" : false,
  "shouldSkipPlanUpdate" : false,
  "shouldSkipTagsUpdate" : false,
  "shouldSkipSyslogUrlUpdate" : false
}, {
  "isOptional" : false,
  "isManaged" : true,
  "name" : "loyalty-rewards-html5-runtime",
  "v3Metadata" : {
    "annotations" : {
      "mta_id" : "loyalty-rewards",
      "mta_version" : "1.0.0",
      "mta_resource" : "{\"name\":\"loyalty-rewards-html5-runtime\"}"
    },
    "labels" : {
      "mta_id" : "f9c84457d5c39d62b12785a15b1ffb96"
    }
  },
  "label" : "html5-apps-repo",
  "plan" : "app-runtime",
  "credentials" : "********",
  "tags" : [ ],
  "type" : "managed",
  "resourceName" : "loyalty-rewards-html5-runtime",
  "shouldSkipParametersUpdate" : false,
  "shouldSkipPlanUpdate" : false,
  "shouldSkipTagsUpdate" : false,
  "shouldSkipSyslogUrlUpdate" : false
}, {
  "isOptional" : false,
  "isManaged" : true,
  "name" : "loyalty-rewards-destination-service",
  "v3Metadata" : {
    "annotations" : {
      "mta_id" : "loyalty-rewards",
      "mta_version" : "1.0.0",
      "mta_resource" : "{\"name\":\"loyalty-rewards-destination-service\"}"
    },
    "labels" : {
      "mta_id" : "f9c84457d5c39d62b12785a15b1ffb96"
    }
  },
  "label" : "destination",
  "plan" : "lite",
  "credentials" : "********",
  "tags" : [ ],
  "type" : "managed",
  "resourceName" : "loyalty-rewards-destination-service",
  "shouldSkipParametersUpdate" : false,
  "shouldSkipPlanUpdate" : false,
  "shouldSkipTagsUpdate" : false,
  "shouldSkipSyslogUrlUpdate" : false
} ]#
#2026 08 14 08:07:19.428#Z#DEBUG#2a9679fe-97b7-11f1-91c3-eeee0a9f1a4c.OPERATION#flowable-async-job-executor-thread-16279#
Step "Extract Services with Resolved Dynamic parameters from batch" finished#
#2026 08 14 08:07:19.529#Z#DEBUG#2a9679fe-97b7-11f1-91c3-eeee0a9f1a4c.OPERATION#flowable-async-job-executor-thread-16279#
[CheckServiceOperationStateStep] Executing task "CheckServiceOperationStateTask" of process "2bccfeb1-97b7-11f1-91c3-eeee0a9f1a4c"...#
#2026 08 14 08:07:19.530#Z#DEBUG#2a9679fe-97b7-11f1-91c3-eeee0a9f1a4c.OPERATION#flowable-async-job-executor-thread-16279#
[CheckServiceOperationStateStep] Getting service instance "loyalty-rewards-auth"...#
#2026 08 14 08:07:19.651#Z#DEBUG#2a9679fe-97b7-11f1-91c3-eeee0a9f1a4c.OPERATION#flowable-async-job-executor-thread-16279#
Step "Check for service operations in Progress" finished#
#2026 08 14 08:07:19.692#Z#DEBUG#2a9679fe-97b7-11f1-91c3-eeee0a9f1a4c.OPERATION#flowable-async-job-executor-thread-16279#
[DetermineServiceCreateUpdateServiceActionsStep] Executing task "DetermineServiceCreateUpdateActionsTask" of process "2bccfeb1-97b7-11f1-91c3-eeee0a9f1a4c"...#
#2026 08 14 08:07:19.694#Z#INFO#2a9679fe-97b7-11f1-91c3-eeee0a9f1a4c.OPERATION#flowable-async-job-executor-thread-16279#
[DetermineServiceCreateUpdateServiceActionsStep] Processing service "loyalty-rewards-auth"...#
#2026 08 14 08:07:19.700#Z#DEBUG#2a9679fe-97b7-11f1-91c3-eeee0a9f1a4c.OPERATION#flowable-async-job-executor-thread-16279#
[DetermineServiceCreateUpdateServiceActionsStep] Getting service instance "loyalty-rewards-auth"...#
#2026 08 14 08:07:19.807#Z#INFO#2a9679fe-97b7-11f1-91c3-eeee0a9f1a4c.OPERATION#flowable-async-job-executor-thread-16279#
[DetermineServiceCreateUpdateServiceActionsStep] Setting service "loyalty-rewards-auth" parameters from "xs-security.json"#
#2026 08 14 08:07:19.845#Z#DEBUG#2a9679fe-97b7-11f1-91c3-eeee0a9f1a4c.OPERATION#flowable-async-job-executor-thread-16279#
[DetermineServiceCreateUpdateServiceActionsStep] Existing service: {
  "name" : "********",
  "metadata" : {
    "guid" : "d9517d36-f848-437e-b17d-7a592ba1d65c",
    "createdAt" : [ 2026, 8, 13, 12, 17, 9 ],
    "updatedAt" : [ 2026, 8, 13, 12, 17, 9 ]
  },
  "v3Metadata" : {
    "annotations" : {
      "mta_id" : "loyalty-rewards",
      "mta_version" : "1.0.0",
      "mta_resource" : "********"
    },
    "labels" : {
      "mta_id" : "f9c84457d5c39d62b12785a15b1ffb96"
    }
  },
  "label" : "xsuaa",
  "plan" : "application",
  "credentials" : "********",
  "tags" : [ ],
  "type" : "managed",
  "lastOperation" : {
    "type" : "UPDATE",
    "description" : "",
    "state" : "SUCCEEDED"
  }
}#
#2026 08 14 08:07:19.845#Z#DEBUG#2a9679fe-97b7-11f1-91c3-eeee0a9f1a4c.OPERATION#flowable-async-job-executor-thread-16279#
[DetermineServiceCreateUpdateServiceActionsStep] Service parameters will be updated#
#2026 08 14 08:07:19.845#Z#DEBUG#2a9679fe-97b7-11f1-91c3-eeee0a9f1a4c.OPERATION#flowable-async-job-executor-thread-16279#
[DetermineServiceCreateUpdateServiceActionsStep] New parameters: {
  "attributes" : [ {
    "name" : "email",
    "description" : "email",
    "valueType" : "s",
    "valueRequired" : false
  } ],
  "oauth2-configuration" : "********",
  "role-collections" : [ {
    "description" : "generated",
    "name" : "admin (loyalty-rewards 9231c958trial-dev)",
    "role-template-references" : [ "$XSAPPNAME.admin" ]
  }, {
    "description" : "generated",
    "name" : "staff (loyalty-rewards 9231c958trial-dev)",
    "role-template-references" : [ "$XSAPPNAME.staff" ]
  }, {
    "description" : "generated",
    "name" : "customer (loyalty-rewards 9231c958trial-dev)",
    "role-template-references" : [ "$XSAPPNAME.customer" ]
  }, {
    "description" : "generated",
    "name" : "********",
    "role-template-references" : [ "********" ]
  } ],
  "role-templates" : [ {
    "name" : "admin",
    "description" : "generated",
    "scope-references" : [ "$XSAPPNAME.admin" ],
    "attribute-references" : [ ]
  }, {
    "name" : "staff",
    "description" : "generated",
    "scope-references" : [ "$XSAPPNAME.staff" ],
    "attribute-references" : [ ]
  }, {
    "name" : "customer",
    "description" : "generated",
    "scope-references" : [ "$XSAPPNAME.customer" ],
    "attribute-references" : [ ]
  }, {
    "name" : "********",
    "description" : "generated",
    "default-role-name" : "********",
    "scope-references" : [ ],
    "attribute-references" : [ "email" ]
  } ],
  "scopes" : [ {
    "name" : "$XSAPPNAME.admin",
    "description" : "admin"
  }, {
    "name" : "$XSAPPNAME.staff",
    "description" : "staff"
  }, {
    "name" : "$XSAPPNAME.customer",
    "description" : "customer"
  } ],
  "tenant-mode" : "dedicated",
  "xsappname" : "loyalty-rewards-9231c958trial-dev"
}#
#2026 08 14 08:07:19.845#Z#DEBUG#2a9679fe-97b7-11f1-91c3-eeee0a9f1a4c.OPERATION#flowable-async-job-executor-thread-16279#
Step "Determine update actions" finished#
#2026 08 14 08:07:19.898#Z#DEBUG#2a9679fe-97b7-11f1-91c3-eeee0a9f1a4c.OPERATION#flowable-async-job-executor-thread-16279#
[CheckForServiceBindingOrKeyOperationStep] Executing task "CheckForServiceBindingOrKeyCreation" of process "2bccfeb1-97b7-11f1-91c3-eeee0a9f1a4c"...#
#2026 08 14 08:07:19.900#Z#DEBUG#2a9679fe-97b7-11f1-91c3-eeee0a9f1a4c.OPERATION#flowable-async-job-executor-thread-16279#
Step "Check for service binding or key creation" finished#
#2026 08 14 08:07:19.940#Z#DEBUG#2a9679fe-97b7-11f1-91c3-eeee0a9f1a4c.OPERATION#flowable-async-job-executor-thread-16281#
[UpdateServiceParametersStep] Executing task "UpdateServiceParametersTask" of process "2bccfeb1-97b7-11f1-91c3-eeee0a9f1a4c"...#
#2026 08 14 08:07:19.943#Z#INFO#2a9679fe-97b7-11f1-91c3-eeee0a9f1a4c.OPERATION#flowable-async-job-executor-thread-16281#
[UpdateServiceParametersStep] Updating service "loyalty-rewards-auth"...#
#2026 08 14 08:07:19.948#Z#DEBUG#2a9679fe-97b7-11f1-91c3-eeee0a9f1a4c.OPERATION#flowable-async-job-executor-thread-16281#
[UpdateServiceParametersStep] Updating service parameters for service "loyalty-rewards-auth"...#
#2026 08 14 08:07:20.064#Z#DEBUG#2a9679fe-97b7-11f1-91c3-eeee0a9f1a4c.OPERATION#flowable-async-job-executor-thread-16281#
[UpdateServiceParametersStep] Service "loyalty-rewards-auth" updated#
#2026 08 14 08:07:20.064#Z#DEBUG#2a9679fe-97b7-11f1-91c3-eeee0a9f1a4c.OPERATION#flowable-async-job-executor-thread-16281#
[UpdateServiceParametersStep] Triggered service operations: {
  "loyalty-rewards-auth" : "UPDATE"
}#
#2026 08 14 08:07:20.073#Z#DEBUG#2a9679fe-97b7-11f1-91c3-eeee0a9f1a4c.OPERATION#flowable-async-job-executor-thread-16281#
Step "Update parameters" finished#
#2026 08 14 08:07:21.973#Z#DEBUG#2a9679fe-97b7-11f1-91c3-eeee0a9f1a4c.OPERATION#flowable-async-job-executor-thread-29062#
[CheckServiceOperationStateStep] Executing task "CheckServiceOperationStateTask" of process "2d3f79f2-97b7-11f1-b71a-eeee0a862d34"...#
#2026 08 14 08:07:22.038#Z#DEBUG#2a9679fe-97b7-11f1-91c3-eeee0a9f1a4c.OPERATION#flowable-async-job-executor-thread-29062#
[CheckServiceOperationStateStep] Getting service instance "loyalty-rewards-html5-runtime"...#
#2026 08 14 08:07:22.171#Z#DEBUG#2a9679fe-97b7-11f1-91c3-eeee0a9f1a4c.OPERATION#flowable-async-job-executor-thread-29062#
Step "Check for service operations in Progress" finished#
#2026 08 14 08:07:22.046#Z#DEBUG#2a9679fe-97b7-11f1-91c3-eeee0a9f1a4c.OPERATION#flowable-async-job-executor-thread-16279#
[CheckServiceOperationStateStep] Executing task "CheckServiceOperationStateTask" of process "2d49b3b4-97b7-11f1-91c3-eeee0a9f1a4c"...#
#2026 08 14 08:07:22.048#Z#DEBUG#2a9679fe-97b7-11f1-91c3-eeee0a9f1a4c.OPERATION#flowable-async-job-executor-thread-16279#
[CheckServiceOperationStateStep] Getting service instance "loyalty-rewards-destination-service"...#
#2026 08 14 08:07:22.123#Z#DEBUG#2a9679fe-97b7-11f1-91c3-eeee0a9f1a4c.OPERATION#flowable-async-job-executor-thread-16280#
[CheckServiceOperationStateStep] Executing task "CheckServiceOperationStateTask" of process "2d565dbb-97b7-11f1-91c3-eeee0a9f1a4c"...#
#2026 08 14 08:07:22.124#Z#DEBUG#2a9679fe-97b7-11f1-91c3-eeee0a9f1a4c.OPERATION#flowable-async-job-executor-thread-16280#
[CheckServiceOperationStateStep] Getting service instance "loyalty-rewards-db"...#
#2026 08 14 08:07:22.171#Z#DEBUG#2a9679fe-97b7-11f1-91c3-eeee0a9f1a4c.OPERATION#flowable-async-job-executor-thread-16279#
Step "Check for service operations in Progress" finished#
#2026 08 14 08:07:22.226#Z#DEBUG#2a9679fe-97b7-11f1-91c3-eeee0a9f1a4c.OPERATION#flowable-async-job-executor-thread-16280#
Step "Check for service operations in Progress" finished#
#2026 08 14 08:07:22.202#Z#DEBUG#2a9679fe-97b7-11f1-91c3-eeee0a9f1a4c.OPERATION#flowable-async-job-executor-thread-29062#
[DetermineServiceCreateUpdateServiceActionsStep] Executing task "DetermineServiceCreateUpdateActionsTask" of process "2d3f79f2-97b7-11f1-b71a-eeee0a862d34"...#
#2026 08 14 08:07:22.205#Z#INFO#2a9679fe-97b7-11f1-91c3-eeee0a9f1a4c.OPERATION#flowable-async-job-executor-thread-29062#
[DetermineServiceCreateUpdateServiceActionsStep] Processing service "loyalty-rewards-html5-runtime"...#
#2026 08 14 08:07:22.211#Z#DEBUG#2a9679fe-97b7-11f1-91c3-eeee0a9f1a4c.OPERATION#flowable-async-job-executor-thread-29062#
[DetermineServiceCreateUpdateServiceActionsStep] Getting service instance "loyalty-rewards-html5-runtime"...#
#2026 08 14 08:07:22.322#Z#DEBUG#2a9679fe-97b7-11f1-91c3-eeee0a9f1a4c.OPERATION#flowable-async-job-executor-thread-29062#
[DetermineServiceCreateUpdateServiceActionsStep] Existing service: {
  "name" : "loyalty-rewards-html5-runtime",
  "metadata" : {
    "guid" : "63f868e3-a963-4eca-b258-ec6e46d3f824",
    "createdAt" : [ 2026, 8, 13, 12, 17, 8 ],
    "updatedAt" : [ 2026, 8, 13, 12, 17, 9 ]
  },
  "v3Metadata" : {
    "annotations" : {
      "mta_id" : "loyalty-rewards",
      "mta_version" : "1.0.0",
      "mta_resource" : "{\"name\":\"loyalty-rewards-html5-runtime\"}"
    },
    "labels" : {
      "mta_id" : "f9c84457d5c39d62b12785a15b1ffb96"
    }
  },
  "label" : "html5-apps-repo",
  "plan" : "app-runtime",
  "credentials" : "********",
  "tags" : [ ],
  "type" : "managed",
  "lastOperation" : {
    "type" : "CREATE",
    "description" : "",
    "state" : "SUCCEEDED"
  }
}#
#2026 08 14 08:07:22.322#Z#WARN#2a9679fe-97b7-11f1-91c3-eeee0a9f1a4c.OPERATION#flowable-async-job-executor-thread-29062#
[DetermineServiceCreateUpdateServiceActionsStep] Service parameters for service "loyalty-rewards-html5-runtime" will not be updated, as the parameters are not defined or empty.#
#2026 08 14 08:07:22.322#Z#DEBUG#2a9679fe-97b7-11f1-91c3-eeee0a9f1a4c.OPERATION#flowable-async-job-executor-thread-29062#
Step "Determine update actions" finished#
#2026 08 14 08:07:22.214#Z#DEBUG#2a9679fe-97b7-11f1-91c3-eeee0a9f1a4c.OPERATION#flowable-async-job-executor-thread-16279#
[DetermineServiceCreateUpdateServiceActionsStep] Executing task "DetermineServiceCreateUpdateActionsTask" of process "2d49b3b4-97b7-11f1-91c3-eeee0a9f1a4c"...#
#2026 08 14 08:07:22.217#Z#INFO#2a9679fe-97b7-11f1-91c3-eeee0a9f1a4c.OPERATION#flowable-async-job-executor-thread-16279#
[DetermineServiceCreateUpdateServiceActionsStep] Processing service "loyalty-rewards-destination-service"...#
#2026 08 14 08:07:22.223#Z#DEBUG#2a9679fe-97b7-11f1-91c3-eeee0a9f1a4c.OPERATION#flowable-async-job-executor-thread-16279#
[DetermineServiceCreateUpdateServiceActionsStep] Getting service instance "loyalty-rewards-destination-service"...#
#2026 08 14 08:07:22.259#Z#DEBUG#2a9679fe-97b7-11f1-91c3-eeee0a9f1a4c.OPERATION#flowable-async-job-executor-thread-16280#
[DetermineServiceCreateUpdateServiceActionsStep] Executing task "DetermineServiceCreateUpdateActionsTask" of process "2d565dbb-97b7-11f1-91c3-eeee0a9f1a4c"...#
#2026 08 14 08:07:22.261#Z#INFO#2a9679fe-97b7-11f1-91c3-eeee0a9f1a4c.OPERATION#flowable-async-job-executor-thread-16280#
[DetermineServiceCreateUpdateServiceActionsStep] Processing service "loyalty-rewards-db"...#
#2026 08 14 08:07:22.266#Z#DEBUG#2a9679fe-97b7-11f1-91c3-eeee0a9f1a4c.OPERATION#flowable-async-job-executor-thread-16280#
[DetermineServiceCreateUpdateServiceActionsStep] Getting service instance "loyalty-rewards-db"...#
#2026 08 14 08:07:22.351#Z#DEBUG#2a9679fe-97b7-11f1-91c3-eeee0a9f1a4c.OPERATION#flowable-async-job-executor-thread-16279#
[DetermineServiceCreateUpdateServiceActionsStep] Existing service: {
  "name" : "loyalty-rewards-destination-service",
  "metadata" : {
    "guid" : "e3d5e1b5-b075-462e-a96f-a8d3a9ea2ced",
    "createdAt" : [ 2026, 8, 13, 12, 17, 9 ],
    "updatedAt" : [ 2026, 8, 13, 12, 17, 10 ]
  },
  "v3Metadata" : {
    "annotations" : {
      "mta_id" : "loyalty-rewards",
      "mta_version" : "1.0.0",
      "mta_resource" : "{\"name\":\"loyalty-rewards-destination-service\"}"
    },
    "labels" : {
      "mta_id" : "f9c84457d5c39d62b12785a15b1ffb96"
    }
  },
  "label" : "destination",
  "plan" : "lite",
  "credentials" : "********",
  "tags" : [ ],
  "type" : "managed",
  "lastOperation" : {
    "type" : "UPDATE",
    "description" : "",
    "state" : "SUCCEEDED"
  }
}#
#2026 08 14 08:07:22.351#Z#DEBUG#2a9679fe-97b7-11f1-91c3-eeee0a9f1a4c.OPERATION#flowable-async-job-executor-thread-16279#
[DetermineServiceCreateUpdateServiceActionsStep] Service parameters will be updated#
#2026 08 14 08:07:22.351#Z#DEBUG#2a9679fe-97b7-11f1-91c3-eeee0a9f1a4c.OPERATION#flowable-async-job-executor-thread-16279#
[DetermineServiceCreateUpdateServiceActionsStep] New parameters: {
  "HTML5Runtime_enabled" : false,
  "init_data" : {
    "instance" : {
      "destinations" : [ {
        "Authentication" : "********",
        "Name" : "ui5",
        "ProxyType" : "Internet",
        "Type" : "HTTP",
        "URL" : "https://ui5.sap.com"
      } ],
      "existing_destinations_policy" : "update"
    }
  },
  "version" : "1.0.0"
}#
#2026 08 14 08:07:22.351#Z#DEBUG#2a9679fe-97b7-11f1-91c3-eeee0a9f1a4c.OPERATION#flowable-async-job-executor-thread-16279#
Step "Determine update actions" finished#
#2026 08 14 08:07:22.365#Z#DEBUG#2a9679fe-97b7-11f1-91c3-eeee0a9f1a4c.OPERATION#flowable-async-job-executor-thread-29062#
[CheckForServiceBindingOrKeyOperationStep] Executing task "CheckForServiceBindingOrKeyCreation" of process "2d3f79f2-97b7-11f1-b71a-eeee0a862d34"...#
#2026 08 14 08:07:22.367#Z#DEBUG#2a9679fe-97b7-11f1-91c3-eeee0a9f1a4c.OPERATION#flowable-async-job-executor-thread-29062#
Step "Check for service binding or key creation" finished#
#2026 08 14 08:07:22.370#Z#DEBUG#2a9679fe-97b7-11f1-91c3-eeee0a9f1a4c.OPERATION#flowable-async-job-executor-thread-16280#
[DetermineServiceCreateUpdateServiceActionsStep] Existing service: {
  "name" : "loyalty-rewards-db",
  "metadata" : {
    "guid" : "498dba9b-2d56-44a2-84e3-c66136b2de6e",
    "createdAt" : [ 2026, 8, 13, 12, 17, 8 ],
    "updatedAt" : [ 2026, 8, 13, 12, 17, 9 ]
  },
  "v3Metadata" : {
    "annotations" : {
      "mta_id" : "loyalty-rewards",
      "mta_version" : "1.0.0",
      "mta_resource" : "{\"name\":\"loyalty-rewards-db\"}"
    },
    "labels" : {
      "mta_id" : "f9c84457d5c39d62b12785a15b1ffb96"
    }
  },
  "label" : "hana",
  "plan" : "hdi-shared",
  "credentials" : "********",
  "tags" : [ ],
  "type" : "managed",
  "lastOperation" : {
    "type" : "CREATE",
    "state" : "SUCCEEDED"
  }
}#
#2026 08 14 08:07:22.370#Z#WARN#2a9679fe-97b7-11f1-91c3-eeee0a9f1a4c.OPERATION#flowable-async-job-executor-thread-16280#
[DetermineServiceCreateUpdateServiceActionsStep] Service parameters for service "loyalty-rewards-db" will not be updated, as the parameters are not defined or empty.#
#2026 08 14 08:07:22.371#Z#DEBUG#2a9679fe-97b7-11f1-91c3-eeee0a9f1a4c.OPERATION#flowable-async-job-executor-thread-16280#
Step "Determine update actions" finished#
#2026 08 14 08:07:22.401#Z#DEBUG#2a9679fe-97b7-11f1-91c3-eeee0a9f1a4c.OPERATION#flowable-async-job-executor-thread-16279#
[CheckForServiceBindingOrKeyOperationStep] Executing task "CheckForServiceBindingOrKeyCreation" of process "2d49b3b4-97b7-11f1-91c3-eeee0a9f1a4c"...#
#2026 08 14 08:07:22.402#Z#DEBUG#2a9679fe-97b7-11f1-91c3-eeee0a9f1a4c.OPERATION#flowable-async-job-executor-thread-16279#
Step "Check for service binding or key creation" finished#
#2026 08 14 08:07:22.419#Z#DEBUG#2a9679fe-97b7-11f1-91c3-eeee0a9f1a4c.OPERATION#flowable-async-job-executor-thread-16280#
[CheckForServiceBindingOrKeyOperationStep] Executing task "CheckForServiceBindingOrKeyCreation" of process "2d565dbb-97b7-11f1-91c3-eeee0a9f1a4c"...#
#2026 08 14 08:07:22.420#Z#DEBUG#2a9679fe-97b7-11f1-91c3-eeee0a9f1a4c.OPERATION#flowable-async-job-executor-thread-16280#
Step "Check for service binding or key creation" finished#
#2026 08 14 08:07:22.442#Z#DEBUG#2a9679fe-97b7-11f1-91c3-eeee0a9f1a4c.OPERATION#flowable-async-job-executor-thread-16279#
[UpdateServiceParametersStep] Executing task "UpdateServiceParametersTask" of process "2d49b3b4-97b7-11f1-91c3-eeee0a9f1a4c"...#
#2026 08 14 08:07:22.447#Z#INFO#2a9679fe-97b7-11f1-91c3-eeee0a9f1a4c.OPERATION#flowable-async-job-executor-thread-16279#
[UpdateServiceParametersStep] Updating service "loyalty-rewards-destination-service"...#
#2026 08 14 08:07:22.453#Z#DEBUG#2a9679fe-97b7-11f1-91c3-eeee0a9f1a4c.OPERATION#flowable-async-job-executor-thread-16279#
[UpdateServiceParametersStep] Updating service parameters for service "loyalty-rewards-destination-service"...#
#2026 08 14 08:07:22.543#Z#DEBUG#2a9679fe-97b7-11f1-91c3-eeee0a9f1a4c.OPERATION#flowable-async-job-executor-thread-16279#
[UpdateServiceParametersStep] Service "loyalty-rewards-destination-service" updated#
#2026 08 14 08:07:22.543#Z#DEBUG#2a9679fe-97b7-11f1-91c3-eeee0a9f1a4c.OPERATION#flowable-async-job-executor-thread-16279#
[UpdateServiceParametersStep] Triggered service operations: {
  "loyalty-rewards-destination-service" : "UPDATE"
}#
#2026 08 14 08:07:22.544#Z#DEBUG#2a9679fe-97b7-11f1-91c3-eeee0a9f1a4c.OPERATION#flowable-async-job-executor-thread-16279#
Step "Update parameters" finished#
#2026 08 14 08:07:25.025#Z#DEBUG#2a9679fe-97b7-11f1-91c3-eeee0a9f1a4c.OPERATION#flowable-async-job-executor-thread-29057#
[CheckServiceOperationStateStep] Executing task "CheckServiceOperationStateTask" of process "2f12b370-97b7-11f1-b71a-eeee0a862d34"...#
#2026 08 14 08:07:25.026#Z#DEBUG#2a9679fe-97b7-11f1-91c3-eeee0a9f1a4c.OPERATION#flowable-async-job-executor-thread-29057#
[CheckServiceOperationStateStep] Getting service instance "loyalty-rewards-html5-repo-host"...#
#2026 08 14 08:07:25.131#Z#DEBUG#2a9679fe-97b7-11f1-91c3-eeee0a9f1a4c.OPERATION#flowable-async-job-executor-thread-29057#
Step "Check for service operations in Progress" finished#
#2026 08 14 08:07:25.163#Z#DEBUG#2a9679fe-97b7-11f1-91c3-eeee0a9f1a4c.OPERATION#flowable-async-job-executor-thread-29057#
[DetermineServiceCreateUpdateServiceActionsStep] Executing task "DetermineServiceCreateUpdateActionsTask" of process "2f12b370-97b7-11f1-b71a-eeee0a862d34"...#
#2026 08 14 08:07:25.165#Z#INFO#2a9679fe-97b7-11f1-91c3-eeee0a9f1a4c.OPERATION#flowable-async-job-executor-thread-29057#
[DetermineServiceCreateUpdateServiceActionsStep] Processing service "loyalty-rewards-html5-repo-host"...#
#2026 08 14 08:07:25.169#Z#DEBUG#2a9679fe-97b7-11f1-91c3-eeee0a9f1a4c.OPERATION#flowable-async-job-executor-thread-29057#
[DetermineServiceCreateUpdateServiceActionsStep] Getting service instance "loyalty-rewards-html5-repo-host"...#
#2026 08 14 08:07:25.286#Z#DEBUG#2a9679fe-97b7-11f1-91c3-eeee0a9f1a4c.OPERATION#flowable-async-job-executor-thread-29057#
[DetermineServiceCreateUpdateServiceActionsStep] Existing service: {
  "name" : "loyalty-rewards-html5-repo-host",
  "metadata" : {
    "guid" : "14f58301-7770-4fca-a137-9420e332167e",
    "createdAt" : [ 2026, 8, 13, 12, 17, 8 ],
    "updatedAt" : [ 2026, 8, 13, 12, 17, 8 ]
  },
  "v3Metadata" : {
    "annotations" : {
      "mta_id" : "loyalty-rewards",
      "mta_version" : "1.0.0",
      "mta_resource" : "{\"name\":\"loyalty-rewards-html5-repo-host\"}"
    },
    "labels" : {
      "mta_id" : "f9c84457d5c39d62b12785a15b1ffb96"
    }
  },
  "label" : "html5-apps-repo",
  "plan" : "app-host",
  "credentials" : "********",
  "tags" : [ ],
  "type" : "managed",
  "lastOperation" : {
    "type" : "CREATE",
    "description" : "",
    "state" : "SUCCEEDED"
  }
}#
#2026 08 14 08:07:25.286#Z#WARN#2a9679fe-97b7-11f1-91c3-eeee0a9f1a4c.OPERATION#flowable-async-job-executor-thread-29057#
[DetermineServiceCreateUpdateServiceActionsStep] Service parameters for service "loyalty-rewards-html5-repo-host" will not be updated, as the parameters are not defined or empty.#
#2026 08 14 08:07:25.286#Z#DEBUG#2a9679fe-97b7-11f1-91c3-eeee0a9f1a4c.OPERATION#flowable-async-job-executor-thread-29057#
Step "Determine update actions" finished#
#2026 08 14 08:07:25.330#Z#DEBUG#2a9679fe-97b7-11f1-91c3-eeee0a9f1a4c.OPERATION#flowable-async-job-executor-thread-29057#
[CheckForServiceBindingOrKeyOperationStep] Executing task "CheckForServiceBindingOrKeyCreation" of process "2f12b370-97b7-11f1-b71a-eeee0a862d34"...#
#2026 08 14 08:07:25.332#Z#DEBUG#2a9679fe-97b7-11f1-91c3-eeee0a9f1a4c.OPERATION#flowable-async-job-executor-thread-29057#
Step "Check for service binding or key creation" finished#
#2026 08 14 08:07:30.788#Z#DEBUG#2a9679fe-97b7-11f1-91c3-eeee0a9f1a4c.OPERATION#flowable-async-job-executor-thread-29071#
[UpdateServiceParametersStep] Executing task "UpdateServiceParametersTask" of process "2bccfeb1-97b7-11f1-91c3-eeee0a9f1a4c"...#
#2026 08 14 08:07:30.789#Z#DEBUG#2a9679fe-97b7-11f1-91c3-eeee0a9f1a4c.OPERATION#flowable-async-job-executor-thread-29071#
[UpdateServiceParametersStep] Polling service operations...#
#2026 08 14 08:07:30.791#Z#DEBUG#2a9679fe-97b7-11f1-91c3-eeee0a9f1a4c.OPERATION#flowable-async-job-executor-thread-29071#
[UpdateServiceParametersStep] Getting service instance "loyalty-rewards-auth"...#
#2026 08 14 08:07:30.900#Z#DEBUG#2a9679fe-97b7-11f1-91c3-eeee0a9f1a4c.OPERATION#flowable-async-job-executor-thread-29071#
[UpdateServiceParametersStep] Last operation for service "loyalty-rewards-auth": {
  "type" : "UPDATE",
  "description" : "",
  "state" : "SUCCEEDED"
}#
#2026 08 14 08:07:30.900#Z#DEBUG#2a9679fe-97b7-11f1-91c3-eeee0a9f1a4c.OPERATION#flowable-async-job-executor-thread-29071#
[UpdateServiceParametersStep] Service "loyalty-rewards-auth" updated#
#2026 08 14 08:07:30.901#Z#INFO#2a9679fe-97b7-11f1-91c3-eeee0a9f1a4c.OPERATION#flowable-async-job-executor-thread-29071#
[UpdateServiceParametersStep] 1 of 1 done#
#2026 08 14 08:07:30.924#Z#DEBUG#2a9679fe-97b7-11f1-91c3-eeee0a9f1a4c.OPERATION#flowable-async-job-executor-thread-29071#
[UpdateServiceParametersStep] Remaining services to poll: [ ]#
#2026 08 14 08:07:30.933#Z#DEBUG#2a9679fe-97b7-11f1-91c3-eeee0a9f1a4c.OPERATION#flowable-async-job-executor-thread-29071#
Step "Update parameters" finished#
#2026 08 14 08:07:31.477#Z#DEBUG#2a9679fe-97b7-11f1-91c3-eeee0a9f1a4c.OPERATION#flowable-async-job-executor-thread-29071#
[UpdateServiceParametersStep] Executing task "UpdateServiceParametersTask" of process "2d49b3b4-97b7-11f1-91c3-eeee0a9f1a4c"...#
#2026 08 14 08:07:31.478#Z#DEBUG#2a9679fe-97b7-11f1-91c3-eeee0a9f1a4c.OPERATION#flowable-async-job-executor-thread-29071#
[UpdateServiceParametersStep] Polling service operations...#
#2026 08 14 08:07:31.480#Z#DEBUG#2a9679fe-97b7-11f1-91c3-eeee0a9f1a4c.OPERATION#flowable-async-job-executor-thread-29071#
[UpdateServiceParametersStep] Getting service instance "loyalty-rewards-destination-service"...#
#2026 08 14 08:07:31.586#Z#DEBUG#2a9679fe-97b7-11f1-91c3-eeee0a9f1a4c.OPERATION#flowable-async-job-executor-thread-29071#
[UpdateServiceParametersStep] Last operation for service "loyalty-rewards-destination-service": {
  "type" : "UPDATE",
  "description" : "",
  "state" : "SUCCEEDED"
}#
#2026 08 14 08:07:31.586#Z#DEBUG#2a9679fe-97b7-11f1-91c3-eeee0a9f1a4c.OPERATION#flowable-async-job-executor-thread-29071#
[UpdateServiceParametersStep] Service "loyalty-rewards-destination-service" updated#
#2026 08 14 08:07:31.586#Z#INFO#2a9679fe-97b7-11f1-91c3-eeee0a9f1a4c.OPERATION#flowable-async-job-executor-thread-29071#
[UpdateServiceParametersStep] 1 of 1 done#
#2026 08 14 08:07:31.591#Z#DEBUG#2a9679fe-97b7-11f1-91c3-eeee0a9f1a4c.OPERATION#flowable-async-job-executor-thread-29071#
[UpdateServiceParametersStep] Remaining services to poll: [ ]#
#2026 08 14 08:07:31.592#Z#DEBUG#2a9679fe-97b7-11f1-91c3-eeee0a9f1a4c.OPERATION#flowable-async-job-executor-thread-29071#
Step "Update parameters" finished#
#2026 08 14 08:07:32.242#Z#DEBUG#2a9679fe-97b7-11f1-91c3-eeee0a9f1a4c.OPERATION#flowable-async-job-executor-thread-29068#
[PrepareModulesDeploymentStep] Executing task "prepareModulesDeploymentTask" of process "335788d8-97b7-11f1-b71a-eeee0a862d34"...#
#2026 08 14 08:07:32.252#Z#DEBUG#2a9679fe-97b7-11f1-91c3-eeee0a9f1a4c.OPERATION#flowable-async-job-executor-thread-29068#
[PrepareModulesDeploymentStep] Preparing modules deployment...#
#2026 08 14 08:07:32.281#Z#DEBUG#2a9679fe-97b7-11f1-91c3-eeee0a9f1a4c.OPERATION#flowable-async-job-executor-thread-29068#
Step "Prepare Modules Deployment" finished#
#2026 08 14 08:07:32.354#Z#DEBUG#2a9679fe-97b7-11f1-91c3-eeee0a9f1a4c.OPERATION#flowable-async-job-executor-thread-29068#
[ComputeNextModulesStep] Executing task "computeNextModulesToDeployInParallel" of process "335788d8-97b7-11f1-b71a-eeee0a862d34"...#
#2026 08 14 08:07:32.355#Z#DEBUG#2a9679fe-97b7-11f1-91c3-eeee0a9f1a4c.OPERATION#flowable-async-job-executor-thread-29068#
[ComputeNextModulesStep] Computing modules for next parallel iteration...#
#2026 08 14 08:07:32.360#Z#DEBUG#2a9679fe-97b7-11f1-91c3-eeee0a9f1a4c.OPERATION#flowable-async-job-executor-thread-29068#
[ComputeNextModulesStep] Completed modules detected: []#
#2026 08 14 08:07:32.360#Z#DEBUG#2a9679fe-97b7-11f1-91c3-eeee0a9f1a4c.OPERATION#flowable-async-job-executor-thread-29068#
[ComputeNextModulesStep] All modules for deploy detected: [loyalty-rewards-srv, loyalty-rewards-app-deployer, loyalty-rewards-db-deployer, loyalty-rewards]#
#2026 08 14 08:07:32.360#Z#DEBUG#2a9679fe-97b7-11f1-91c3-eeee0a9f1a4c.OPERATION#flowable-async-job-executor-thread-29068#
[ComputeNextModulesStep] Modules not for deploy detected: []#
#2026 08 14 08:07:32.361#Z#DEBUG#2a9679fe-97b7-11f1-91c3-eeee0a9f1a4c.OPERATION#flowable-async-job-executor-thread-29068#
[ComputeNextModulesStep] Computed modules for next parallel iteration: [ {
  "majorSchemaVersion" : 3,
  "name" : "loyalty-rewards-srv",
  "type" : "javascript.nodejs",
  "path" : "loyalty-rewards-srv",
  "properties" : { },
  "parameters" : {
    "app-name" : "loyalty-rewards-srv",
    "buildpack" : "nodejs_buildpack",
    "default-app-name" : "loyalty-rewards-srv",
    "default-host" : "9231c958trial-dev-loyalty-rewards-srv",
    "default-instances" : 1,
    "default-live-app-name" : "loyalty-rewards-srv",
    "default-live-domain" : "cfapps.us10-001.hana.ondemand.com",
    "default-live-host" : "9231c958trial-dev-loyalty-rewards-srv",
    "default-live-uri" : "9231c958trial-dev-loyalty-rewards-srv.cfapps.us10-001.hana.ondemand.com",
    "default-live-url" : "https://9231c958trial-dev-loyalty-rewards-srv.cfapps.us10-001.hana.ondemand.com",
    "default-uri" : "9231c958trial-dev-loyalty-rewards-srv.cfapps.us10-001.hana.ondemand.com",
    "default-url" : "https://9231c958trial-dev-loyalty-rewards-srv.cfapps.us10-001.hana.ondemand.com",
    "dependency-type" : "soft",
    "domain" : "cfapps.us10-001.hana.ondemand.com",
    "generated-password" : "********",
    "generated-user" : "********",
    "host" : "9231c958trial-dev-loyalty-rewards-srv",
    "instances" : 1,
    "protocol" : "https"
  },
  "requiredDependencies" : [ {
    "majorSchemaVersion" : 3,
    "name" : "********",
    "properties" : { },
    "parameters" : { },
    "propertiesMetadata" : {
      "metadata" : { }
    },
    "parametersMetadata" : {
      "metadata" : { }
    }
  }, {
    "majorSchemaVersion" : 3,
    "name" : "loyalty-rewards-db",
    "properties" : { },
    "parameters" : { },
    "propertiesMetadata" : {
      "metadata" : { }
    },
    "parametersMetadata" : {
      "metadata" : { }
    }
  } ],
  "providedDependencies" : [ {
    "majorSchemaVersion" : 3,
    "name" : "srv-api",
    "isPublic" : false,
    "properties" : {
      "srv-url" : "https://9231c958trial-dev-loyalty-rewards-srv.cfapps.us10-001.hana.ondemand.com"
    },
    "parameters" : { },
    "propertiesMetadata" : {
      "metadata" : { }
    },
    "parametersMetadata" : {
      "metadata" : { }
    }
  }, {
    "majorSchemaVersion" : 3,
    "name" : "loyalty-rewards-srv",
    "isPublic" : false,
    "properties" : { },
    "parameters" : { },
    "propertiesMetadata" : {
      "metadata" : { }
    },
    "parametersMetadata" : {
      "metadata" : { }
    }
  } ],
  "propertiesMetadata" : {
    "metadata" : { }
  },
  "parametersMetadata" : {
    "metadata" : { }
  },
  "deployedAfter" : [ ],
  "hooks" : [ ]
}, {
  "majorSchemaVersion" : 3,
  "name" : "loyalty-rewards-db-deployer",
  "type" : "com.sap.xs.hdi",
  "path" : "loyalty-rewards-db-deployer",
  "properties" : {
    "EXIT" : 1
  },
  "parameters" : {
    "app-name" : "loyalty-rewards-db-deployer",
    "buildpack" : "nodejs_buildpack",
    "default-app-name" : "loyalty-rewards-db-deployer",
    "default-host" : "9231c958trial-dev-loyalty-rewards-db-deployer",
    "default-instances" : 1,
    "default-live-app-name" : "loyalty-rewards-db-deployer",
    "default-live-domain" : "cfapps.us10-001.hana.ondemand.com",
    "default-live-host" : "9231c958trial-dev-loyalty-rewards-db-deployer",
    "default-live-uri" : "9231c958trial-dev-loyalty-rewards-db-deployer.cfapps.us10-001.hana.ondemand.com",
    "default-live-url" : "https://9231c958trial-dev-loyalty-rewards-db-deployer.cfapps.us10-001.hana.ondemand.com",
    "default-uri" : "9231c958trial-dev-loyalty-rewards-db-deployer.cfapps.us10-001.hana.ondemand.com",
    "default-url" : "https://9231c958trial-dev-loyalty-rewards-db-deployer.cfapps.us10-001.hana.ondemand.com",
    "dependency-type" : "hard",
    "domain" : "cfapps.us10-001.hana.ondemand.com",
    "generated-password" : "********",
    "generated-user" : "********",
    "host" : "9231c958trial-dev-loyalty-rewards-db-deployer",
    "instances" : 1,
    "memory" : "256M",
    "no-route" : true,
    "no-start" : true,
    "protocol" : "https",
    "tasks" : [ {
      "command" : "npm start",
      "memory" : "256M",
      "name" : "deploy"
    } ]
  },
  "requiredDependencies" : [ {
    "majorSchemaVersion" : 3,
    "name" : "loyalty-rewards-db",
    "properties" : { },
    "parameters" : { },
    "propertiesMetadata" : {
      "metadata" : { }
    },
    "parametersMetadata" : {
      "metadata" : { }
    }
  } ],
  "providedDependencies" : [ {
    "majorSchemaVersion" : 3,
    "name" : "loyalty-rewards-db-deployer",
    "isPublic" : false,
    "properties" : { },
    "parameters" : { },
    "propertiesMetadata" : {
      "metadata" : { }
    },
    "parametersMetadata" : {
      "metadata" : { }
    }
  } ],
  "propertiesMetadata" : {
    "metadata" : { }
  },
  "parametersMetadata" : {
    "metadata" : { }
  },
  "deployedAfter" : [ ],
  "hooks" : [ ]
}, {
  "majorSchemaVersion" : 3,
  "name" : "loyalty-rewards",
  "type" : "javascript.nodejs",
  "path" : "loyalty-rewards",
  "properties" : { },
  "parameters" : {
    "app-name" : "loyalty-rewards",
    "default-app-name" : "loyalty-rewards",
    "default-host" : "9231c958trial-dev-loyalty-rewards",
    "default-instances" : 1,
    "default-live-app-name" : "loyalty-rewards",
    "default-live-domain" : "cfapps.us10-001.hana.ondemand.com",
    "default-live-host" : "9231c958trial-dev-loyalty-rewards",
    "default-live-uri" : "9231c958trial-dev-loyalty-rewards.cfapps.us10-001.hana.ondemand.com",
    "default-live-url" : "https://9231c958trial-dev-loyalty-rewards.cfapps.us10-001.hana.ondemand.com",
    "default-uri" : "9231c958trial-dev-loyalty-rewards.cfapps.us10-001.hana.ondemand.com",
    "default-url" : "https://9231c958trial-dev-loyalty-rewards.cfapps.us10-001.hana.ondemand.com",
    "dependency-type" : "soft",
    "disk-quota" : "256M",
    "domain" : "cfapps.us10-001.hana.ondemand.com",
    "generated-password" : "********",
    "generated-user" : "********",
    "host" : "9231c958trial-dev-loyalty-rewards",
    "instances" : 1,
    "keep-existing-routes" : true,
    "memory" : "256M",
    "protocol" : "https"
  },
  "requiredDependencies" : [ {
    "majorSchemaVersion" : 3,
    "name" : "srv-api",
    "group" : "destinations",
    "properties" : {
      "forwardAuthToken" : "********",
      "name" : "srv-api",
      "url" : "https://9231c958trial-dev-loyalty-rewards-srv.cfapps.us10-001.hana.ondemand.com"
    },
    "parameters" : { },
    "propertiesMetadata" : {
      "metadata" : { }
    },
    "parametersMetadata" : {
      "metadata" : { }
    }
  }, {
    "majorSchemaVersion" : 3,
    "name" : "********",
    "properties" : { },
    "parameters" : { },
    "propertiesMetadata" : {
      "metadata" : { }
    },
    "parametersMetadata" : {
      "metadata" : { }
    }
  }, {
    "majorSchemaVersion" : 3,
    "name" : "loyalty-rewards-html5-runtime",
    "properties" : { },
    "parameters" : { },
    "propertiesMetadata" : {
      "metadata" : { }
    },
    "parametersMetadata" : {
      "metadata" : { }
    }
  }, {
    "majorSchemaVersion" : 3,
    "name" : "loyalty-rewards-destination-service",
    "group" : "destinations",
    "properties" : {
      "forwardAuthToken" : "********",
      "name" : "ui5",
      "url" : "https://ui5.sap.com"
    },
    "parameters" : { },
    "propertiesMetadata" : {
      "metadata" : { }
    },
    "parametersMetadata" : {
      "metadata" : { }
    }
  } ],
  "providedDependencies" : [ {
    "majorSchemaVersion" : 3,
    "name" : "app-api",
    "isPublic" : false,
    "properties" : {
      "app-protocol" : "https",
      "app-uri" : "9231c958trial-dev-loyalty-rewards.cfapps.us10-001.hana.ondemand.com"
    },
    "parameters" : { },
    "propertiesMetadata" : {
      "metadata" : { }
    },
    "parametersMetadata" : {
      "metadata" : { }
    }
  }, {
    "majorSchemaVersion" : 3,
    "name" : "loyalty-rewards",
    "isPublic" : false,
    "properties" : { },
    "parameters" : { },
    "propertiesMetadata" : {
      "metadata" : { }
    },
    "parametersMetadata" : {
      "metadata" : { }
    }
  } ],
  "propertiesMetadata" : {
    "metadata" : { }
  },
  "parametersMetadata" : {
    "metadata" : { }
  },
  "deployedAfter" : [ ],
  "hooks" : [ ]
}, {
  "majorSchemaVersion" : 3,
  "name" : "loyalty-rewards-app-deployer",
  "type" : "com.sap.application.content",
  "path" : "loyalty-rewards-app-deployer",
  "properties" : { },
  "parameters" : {
    "app-name" : "loyalty-rewards-app-deployer",
    "default-app-name" : "loyalty-rewards-app-deployer",
    "default-host" : "9231c958trial-dev-loyalty-rewards-app-deployer",
    "default-instances" : 1,
    "default-live-app-name" : "loyalty-rewards-app-deployer",
    "default-live-domain" : "cfapps.us10-001.hana.ondemand.com",
    "default-live-host" : "9231c958trial-dev-loyalty-rewards-app-deployer",
    "default-live-uri" : "9231c958trial-dev-loyalty-rewards-app-deployer.cfapps.us10-001.hana.ondemand.com",
    "default-live-url" : "https://9231c958trial-dev-loyalty-rewards-app-deployer.cfapps.us10-001.hana.ondemand.com",
    "default-uri" : "9231c958trial-dev-loyalty-rewards-app-deployer.cfapps.us10-001.hana.ondemand.com",
    "default-url" : "https://9231c958trial-dev-loyalty-rewards-app-deployer.cfapps.us10-001.hana.ondemand.com",
    "dependency-type" : "soft",
    "domain" : "cfapps.us10-001.hana.ondemand.com",
    "generated-password" : "********",
    "generated-user" : "********",
    "host" : "9231c958trial-dev-loyalty-rewards-app-deployer",
    "instances" : 1,
    "protocol" : "https"
  },
  "requiredDependencies" : [ {
    "majorSchemaVersion" : 3,
    "name" : "********",
    "properties" : { },
    "parameters" : { },
    "propertiesMetadata" : {
      "metadata" : { }
    },
    "parametersMetadata" : {
      "metadata" : { }
    }
  }, {
    "majorSchemaVersion" : 3,
    "name" : "srv-api",
    "properties" : { },
    "parameters" : { },
    "propertiesMetadata" : {
      "metadata" : { }
    },
    "parametersMetadata" : {
      "metadata" : { }
    }
  }, {
    "majorSchemaVersion" : 3,
    "name" : "loyalty-rewards-html5-repo-host",
    "properties" : { },
    "parameters" : {
      "config" : {
        "HTML5Runtime_enabled" : true
      },
      "content-target" : true
    },
    "propertiesMetadata" : {
      "metadata" : { }
    },
    "parametersMetadata" : {
      "metadata" : { }
    }
  } ],
  "providedDependencies" : [ {
    "majorSchemaVersion" : 3,
    "name" : "loyalty-rewards-app-deployer",
    "isPublic" : false,
    "properties" : { },
    "parameters" : { },
    "propertiesMetadata" : {
      "metadata" : { }
    },
    "parametersMetadata" : {
      "metadata" : { }
    }
  } ],
  "propertiesMetadata" : {
    "metadata" : { }
  },
  "parametersMetadata" : {
    "metadata" : { }
  },
  "deployedAfter" : [ ],
  "hooks" : [ ]
} ]#
#2026 08 14 08:07:32.361#Z#DEBUG#2a9679fe-97b7-11f1-91c3-eeee0a9f1a4c.OPERATION#flowable-async-job-executor-thread-29068#
Step "Compute Next Modules To Deploy" finished#
#2026 08 14 08:07:32.545#Z#DEBUG#2a9679fe-97b7-11f1-91c3-eeee0a9f1a4c.OPERATION#flowable-async-job-executor-thread-29068#
[ProcessDescriptorStep] Executing task "reprocessDescriptorTask" of process "338639dd-97b7-11f1-b71a-eeee0a862d34"...#
#2026 08 14 08:07:32.553#Z#DEBUG#2a9679fe-97b7-11f1-91c3-eeee0a9f1a4c.OPERATION#flowable-async-job-executor-thread-29068#
[ProcessDescriptorStep] Resolving properties and parameters in merged descriptor...#
#2026 08 14 08:07:32.563#Z#DEBUG#2a9679fe-97b7-11f1-91c3-eeee0a9f1a4c.OPERATION#flowable-async-job-executor-thread-29068#
[ProcessDescriptorStep] Subscriptions: [ ]#
#2026 08 14 08:07:32.573#Z#DEBUG#2a9679fe-97b7-11f1-91c3-eeee0a9f1a4c.OPERATION#flowable-async-job-executor-thread-29068#
[ProcessDescriptorStep] MTA modules: [loyalty-rewards-srv, loyalty-rewards-app-deployer, loyalty-rewards-db-deployer, loyalty-rewards]#
#2026 08 14 08:07:32.578#Z#DEBUG#2a9679fe-97b7-11f1-91c3-eeee0a9f1a4c.OPERATION#flowable-async-job-executor-thread-29068#
[ProcessDescriptorStep] Resolved deployment descriptor: {
  "majorSchemaVersion" : 3,
  "schemaVersion" : "3.3.0",
  "id" : "loyalty-rewards",
  "version" : "1.0.0",
  "modules" : [ {
    "majorSchemaVersion" : 3,
    "name" : "loyalty-rewards-srv",
    "type" : "javascript.nodejs",
    "path" : "loyalty-rewards-srv",
    "properties" : { },
    "parameters" : {
      "default-url" : "https://9231c958trial-dev-loyalty-rewards-srv.cfapps.us10-001.hana.ondemand.com",
      "default-app-name" : "loyalty-rewards-srv",
      "generated-password" : "********",
      "default-live-url" : "https://9231c958trial-dev-loyalty-rewards-srv.cfapps.us10-001.hana.ondemand.com",
      "default-uri" : "9231c958trial-dev-loyalty-rewards-srv.cfapps.us10-001.hana.ondemand.com",
      "default-instances" : 1,
      "default-live-host" : "9231c958trial-dev-loyalty-rewards-srv",
      "instances" : 1,
      "buildpack" : "nodejs_buildpack",
      "default-host" : "9231c958trial-dev-loyalty-rewards-srv",
      "app-name" : "loyalty-rewards-srv",
      "default-live-uri" : "9231c958trial-dev-loyalty-rewards-srv.cfapps.us10-001.hana.ondemand.com",
      "protocol" : "https",
      "default-live-app-name" : "loyalty-rewards-srv",
      "default-live-domain" : "cfapps.us10-001.hana.ondemand.com",
      "domain" : "cfapps.us10-001.hana.ondemand.com",
      "host" : "9231c958trial-dev-loyalty-rewards-srv",
      "generated-user" : "********"
    },
    "requiredDependencies" : [ {
      "majorSchemaVersion" : 3,
      "name" : "********",
      "properties" : { },
      "parameters" : { },
      "propertiesMetadata" : {
        "metadata" : { }
      },
      "parametersMetadata" : {
        "metadata" : { }
      }
    }, {
      "majorSchemaVersion" : 3,
      "name" : "loyalty-rewards-db",
      "properties" : { },
      "parameters" : { },
      "propertiesMetadata" : {
        "metadata" : { }
      },
      "parametersMetadata" : {
        "metadata" : { }
      }
    } ],
    "providedDependencies" : [ {
      "majorSchemaVersion" : 3,
      "name" : "srv-api",
      "isPublic" : false,
      "properties" : {
        "srv-url" : "https://9231c958trial-dev-loyalty-rewards-srv.cfapps.us10-001.hana.ondemand.com"
      },
      "parameters" : { },
      "propertiesMetadata" : {
        "metadata" : { }
      },
      "parametersMetadata" : {
        "metadata" : { }
      }
    }, {
      "majorSchemaVersion" : 3,
      "name" : "loyalty-rewards-srv",
      "isPublic" : false,
      "properties" : { },
      "parameters" : { },
      "propertiesMetadata" : {
        "metadata" : { }
      },
      "parametersMetadata" : {
        "metadata" : { }
      }
    } ],
    "propertiesMetadata" : {
      "metadata" : { }
    },
    "parametersMetadata" : {
      "metadata" : { }
    },
    "hooks" : [ ]
  }, {
    "majorSchemaVersion" : 3,
    "name" : "loyalty-rewards-db-deployer",
    "type" : "com.sap.xs.hdi",
    "path" : "loyalty-rewards-db-deployer",
    "properties" : {
      "EXIT" : 1
    },
    "parameters" : {
      "default-url" : "https://9231c958trial-dev-loyalty-rewards-db-deployer.cfapps.us10-001.hana.ondemand.com",
      "default-app-name" : "loyalty-rewards-db-deployer",
      "generated-password" : "********",
      "default-live-url" : "https://9231c958trial-dev-loyalty-rewards-db-deployer.cfapps.us10-001.hana.ondemand.com",
      "default-uri" : "9231c958trial-dev-loyalty-rewards-db-deployer.cfapps.us10-001.hana.ondemand.com",
      "memory" : "256M",
      "default-instances" : 1,
      "no-route" : true,
      "default-live-host" : "9231c958trial-dev-loyalty-rewards-db-deployer",
      "instances" : 1,
      "buildpack" : "nodejs_buildpack",
      "default-host" : "9231c958trial-dev-loyalty-rewards-db-deployer",
      "app-name" : "loyalty-rewards-db-deployer",
      "default-live-uri" : "9231c958trial-dev-loyalty-rewards-db-deployer.cfapps.us10-001.hana.ondemand.com",
      "protocol" : "https",
      "default-live-app-name" : "loyalty-rewards-db-deployer",
      "default-live-domain" : "cfapps.us10-001.hana.ondemand.com",
      "dependency-type" : "hard",
      "domain" : "cfapps.us10-001.hana.ondemand.com",
      "host" : "9231c958trial-dev-loyalty-rewards-db-deployer",
      "generated-user" : "********",
      "tasks" : [ {
        "command" : "npm start",
        "memory" : "256M",
        "name" : "deploy"
      } ],
      "no-start" : true
    },
    "requiredDependencies" : [ {
      "majorSchemaVersion" : 3,
      "name" : "loyalty-rewards-db",
      "properties" : { },
      "parameters" : { },
      "propertiesMetadata" : {
        "metadata" : { }
      },
      "parametersMetadata" : {
        "metadata" : { }
      }
    } ],
    "providedDependencies" : [ {
      "majorSchemaVersion" : 3,
      "name" : "loyalty-rewards-db-deployer",
      "isPublic" : false,
      "properties" : { },
      "parameters" : { },
      "propertiesMetadata" : {
        "metadata" : { }
      },
      "parametersMetadata" : {
        "metadata" : { }
      }
    } ],
    "propertiesMetadata" : {
      "metadata" : { }
    },
    "parametersMetadata" : {
      "metadata" : { }
    },
    "hooks" : [ ]
  }, {
    "majorSchemaVersion" : 3,
    "name" : "loyalty-rewards",
    "type" : "javascript.nodejs",
    "path" : "loyalty-rewards",
    "properties" : { },
    "parameters" : {
      "default-url" : "https://9231c958trial-dev-loyalty-rewards.cfapps.us10-001.hana.ondemand.com",
      "default-app-name" : "loyalty-rewards",
      "generated-password" : "********",
      "default-live-url" : "https://9231c958trial-dev-loyalty-rewards.cfapps.us10-001.hana.ondemand.com",
      "default-uri" : "9231c958trial-dev-loyalty-rewards.cfapps.us10-001.hana.ondemand.com",
      "memory" : "256M",
      "default-instances" : 1,
      "default-live-host" : "9231c958trial-dev-loyalty-rewards",
      "instances" : 1,
      "default-host" : "9231c958trial-dev-loyalty-rewards",
      "keep-existing-routes" : true,
      "app-name" : "loyalty-rewards",
      "default-live-uri" : "9231c958trial-dev-loyalty-rewards.cfapps.us10-001.hana.ondemand.com",
      "protocol" : "https",
      "default-live-app-name" : "loyalty-rewards",
      "default-live-domain" : "cfapps.us10-001.hana.ondemand.com",
      "disk-quota" : "256M",
      "domain" : "cfapps.us10-001.hana.ondemand.com",
      "host" : "9231c958trial-dev-loyalty-rewards",
      "generated-user" : "********"
    },
    "requiredDependencies" : [ {
      "majorSchemaVersion" : 3,
      "name" : "srv-api",
      "group" : "destinations",
      "properties" : {
        "name" : "srv-api",
        "forwardAuthToken" : "********",
        "url" : "https://9231c958trial-dev-loyalty-rewards-srv.cfapps.us10-001.hana.ondemand.com"
      },
      "parameters" : { },
      "propertiesMetadata" : {
        "metadata" : { }
      },
      "parametersMetadata" : {
        "metadata" : { }
      }
    }, {
      "majorSchemaVersion" : 3,
      "name" : "********",
      "properties" : { },
      "parameters" : { },
      "propertiesMetadata" : {
        "metadata" : { }
      },
      "parametersMetadata" : {
        "metadata" : { }
      }
    }, {
      "majorSchemaVersion" : 3,
      "name" : "loyalty-rewards-html5-runtime",
      "properties" : { },
      "parameters" : { },
      "propertiesMetadata" : {
        "metadata" : { }
      },
      "parametersMetadata" : {
        "metadata" : { }
      }
    }, {
      "majorSchemaVersion" : 3,
      "name" : "loyalty-rewards-destination-service",
      "group" : "destinations",
      "properties" : {
        "name" : "ui5",
        "forwardAuthToken" : "********",
        "url" : "https://ui5.sap.com"
      },
      "parameters" : { },
      "propertiesMetadata" : {
        "metadata" : { }
      },
      "parametersMetadata" : {
        "metadata" : { }
      }
    } ],
    "providedDependencies" : [ {
      "majorSchemaVersion" : 3,
      "name" : "app-api",
      "isPublic" : false,
      "properties" : {
        "app-protocol" : "https",
        "app-uri" : "9231c958trial-dev-loyalty-rewards.cfapps.us10-001.hana.ondemand.com"
      },
      "parameters" : { },
      "propertiesMetadata" : {
        "metadata" : { }
      },
      "parametersMetadata" : {
        "metadata" : { }
      }
    }, {
      "majorSchemaVersion" : 3,
      "name" : "loyalty-rewards",
      "isPublic" : false,
      "properties" : { },
      "parameters" : { },
      "propertiesMetadata" : {
        "metadata" : { }
      },
      "parametersMetadata" : {
        "metadata" : { }
      }
    } ],
    "propertiesMetadata" : {
      "metadata" : { }
    },
    "parametersMetadata" : {
      "metadata" : { }
    },
    "hooks" : [ ]
  }, {
    "majorSchemaVersion" : 3,
    "name" : "loyalty-rewards-app-deployer",
    "type" : "com.sap.application.content",
    "path" : "loyalty-rewards-app-deployer",
    "properties" : { },
    "parameters" : {
      "default-url" : "https://9231c958trial-dev-loyalty-rewards-app-deployer.cfapps.us10-001.hana.ondemand.com",
      "default-app-name" : "loyalty-rewards-app-deployer",
      "generated-password" : "********",
      "default-live-url" : "https://9231c958trial-dev-loyalty-rewards-app-deployer.cfapps.us10-001.hana.ondemand.com",
      "default-uri" : "9231c958trial-dev-loyalty-rewards-app-deployer.cfapps.us10-001.hana.ondemand.com",
      "default-instances" : 1,
      "default-live-host" : "9231c958trial-dev-loyalty-rewards-app-deployer",
      "instances" : 1,
      "default-host" : "9231c958trial-dev-loyalty-rewards-app-deployer",
      "app-name" : "loyalty-rewards-app-deployer",
      "default-live-uri" : "9231c958trial-dev-loyalty-rewards-app-deployer.cfapps.us10-001.hana.ondemand.com",
      "protocol" : "https",
      "default-live-app-name" : "loyalty-rewards-app-deployer",
      "default-live-domain" : "cfapps.us10-001.hana.ondemand.com",
      "domain" : "cfapps.us10-001.hana.ondemand.com",
      "host" : "9231c958trial-dev-loyalty-rewards-app-deployer",
      "generated-user" : "********"
    },
    "requiredDependencies" : [ {
      "majorSchemaVersion" : 3,
      "name" : "********",
      "properties" : { },
      "parameters" : { },
      "propertiesMetadata" : {
        "metadata" : { }
      },
      "parametersMetadata" : {
        "metadata" : { }
      }
    }, {
      "majorSchemaVersion" : 3,
      "name" : "srv-api",
      "properties" : { },
      "parameters" : { },
      "propertiesMetadata" : {
        "metadata" : { }
      },
      "parametersMetadata" : {
        "metadata" : { }
      }
    }, {
      "majorSchemaVersion" : 3,
      "name" : "loyalty-rewards-html5-repo-host",
      "properties" : { },
      "parameters" : {
        "config" : {
          "HTML5Runtime_enabled" : true
        },
        "content-target" : true
      },
      "propertiesMetadata" : {
        "metadata" : { }
      },
      "parametersMetadata" : {
        "metadata" : { }
      }
    } ],
    "providedDependencies" : [ {
      "majorSchemaVersion" : 3,
      "name" : "loyalty-rewards-app-deployer",
      "isPublic" : false,
      "properties" : { },
      "parameters" : { },
      "propertiesMetadata" : {
        "metadata" : { }
      },
      "parametersMetadata" : {
        "metadata" : { }
      }
    } ],
    "propertiesMetadata" : {
      "metadata" : { }
    },
    "parametersMetadata" : {
      "metadata" : { }
    },
    "hooks" : [ ]
  } ],
  "resources" : [ {
    "majorSchemaVersion" : 3,
    "name" : "********",
    "type" : "org.cloudfoundry.managed-service",
    "properties" : { },
    "parameters" : {
      "generated-password" : "********",
      "path" : "./xs-security.json",
      "service-name" : "********",
      "service-plan" : "application",
      "service" : "xsuaa",
      "generated-user" : "********",
      "default-xsappname" : "********",
      "type" : "managed-service",
      "config" : {
        "oauth2-configuration" : "********",
        "role-collections" : [ {
          "description" : "generated",
          "name" : "admin (loyalty-rewards 9231c958trial-dev)",
          "role-template-references" : [ "$XSAPPNAME.admin" ]
        }, {
          "description" : "generated",
          "name" : "staff (loyalty-rewards 9231c958trial-dev)",
          "role-template-references" : [ "$XSAPPNAME.staff" ]
        }, {
          "description" : "generated",
          "name" : "customer (loyalty-rewards 9231c958trial-dev)",
          "role-template-references" : [ "$XSAPPNAME.customer" ]
        }, {
          "description" : "generated",
          "name" : "********",
          "role-template-references" : [ "********" ]
        } ],
        "tenant-mode" : "dedicated",
        "xsappname" : "loyalty-rewards-9231c958trial-dev"
      },
      "default-service-name" : "********",
      "default-container-name" : "********"
    },
    "isActive" : true,
    "isOptional" : false,
    "propertiesMetadata" : {
      "metadata" : { }
    },
    "parametersMetadata" : {
      "metadata" : { }
    },
    "requiredDependencies" : [ {
      "majorSchemaVersion" : 3,
      "name" : "app-api",
      "properties" : { },
      "parameters" : { },
      "propertiesMetadata" : {
        "metadata" : { }
      },
      "parametersMetadata" : {
        "metadata" : { }
      }
    } ],
    "processedAfter" : [ ]
  }, {
    "majorSchemaVersion" : 3,
    "name" : "loyalty-rewards-db",
    "type" : "com.sap.xs.hdi-container",
    "properties" : { },
    "parameters" : {
      "generated-password" : "********",
      "service-name" : "loyalty-rewards-db",
      "service-plan" : "hdi-shared",
      "service" : "hana",
      "generated-user" : "********",
      "default-xsappname" : "loyalty-rewards-db",
      "type" : "managed-service",
      "default-service-name" : "loyalty-rewards-db",
      "default-container-name" : "9231C958TRIAL_DEV_LOYALTY_REWARDS_DB"
    },
    "isActive" : true,
    "isOptional" : false,
    "propertiesMetadata" : {
      "metadata" : { }
    },
    "parametersMetadata" : {
      "metadata" : { }
    },
    "requiredDependencies" : [ ],
    "processedAfter" : [ ]
  }, {
    "majorSchemaVersion" : 3,
    "name" : "loyalty-rewards-html5-repo-host",
    "type" : "org.cloudfoundry.managed-service",
    "properties" : { },
    "parameters" : {
      "generated-password" : "********",
      "service-name" : "loyalty-rewards-html5-repo-host",
      "service-plan" : "app-host",
      "service" : "html5-apps-repo",
      "generated-user" : "********",
      "default-xsappname" : "loyalty-rewards-html5-repo-host",
      "type" : "managed-service",
      "default-service-name" : "loyalty-rewards-html5-repo-host",
      "default-container-name" : "9231C958TRIAL_DEV_LOYALTY_REWARDS_HTML5_REPO_HOST"
    },
    "isActive" : true,
    "isOptional" : false,
    "propertiesMetadata" : {
      "metadata" : { }
    },
    "parametersMetadata" : {
      "metadata" : { }
    },
    "requiredDependencies" : [ ],
    "processedAfter" : [ ]
  }, {
    "majorSchemaVersion" : 3,
    "name" : "loyalty-rewards-html5-runtime",
    "type" : "org.cloudfoundry.managed-service",
    "properties" : { },
    "parameters" : {
      "generated-password" : "********",
      "service-name" : "loyalty-rewards-html5-runtime",
      "service-plan" : "app-runtime",
      "service" : "html5-apps-repo",
      "generated-user" : "********",
      "default-xsappname" : "loyalty-rewards-html5-runtime",
      "type" : "managed-service",
      "default-service-name" : "loyalty-rewards-html5-runtime",
      "default-container-name" : "9231C958TRIAL_DEV_LOYALTY_REWARDS_HTML5_RUNTIME"
    },
    "isActive" : true,
    "isOptional" : false,
    "propertiesMetadata" : {
      "metadata" : { }
    },
    "parametersMetadata" : {
      "metadata" : { }
    },
    "requiredDependencies" : [ ],
    "processedAfter" : [ ]
  }, {
    "majorSchemaVersion" : 3,
    "name" : "loyalty-rewards-destination-service",
    "type" : "org.cloudfoundry.managed-service",
    "properties" : { },
    "parameters" : {
      "generated-password" : "********",
      "service-name" : "loyalty-rewards-destination-service",
      "service-plan" : "lite",
      "service" : "destination",
      "generated-user" : "********",
      "default-xsappname" : "loyalty-rewards-destination-service",
      "type" : "managed-service",
      "config" : {
        "HTML5Runtime_enabled" : false,
        "init_data" : {
          "instance" : {
            "destinations" : [ {
              "Authentication" : "********",
              "Name" : "ui5",
              "ProxyType" : "Internet",
              "Type" : "HTTP",
              "URL" : "https://ui5.sap.com"
            } ],
            "existing_destinations_policy" : "update"
          }
        },
        "version" : "1.0.0"
      },
      "default-service-name" : "loyalty-rewards-destination-service",
      "default-container-name" : "9231C958TRIAL_DEV_LOYALTY_REWARDS_DESTINATION_SERVICE"
    },
    "isActive" : true,
    "isOptional" : false,
    "propertiesMetadata" : {
      "metadata" : { }
    },
    "parametersMetadata" : {
      "metadata" : { }
    },
    "requiredDependencies" : [ ],
    "processedAfter" : [ ]
  } ],
  "parameters" : {
    "deploy_mode" : "html5-repo",
    "mta-id" : "loyalty-rewards",
    "authorization-url" : "********",
    "org-guid" : "63335efc-dd3c-4a4f-8ecb-707a0e17e6db",
    "org" : "9231c958trial",
    "deploy-target" : "9231c958trial dev",
    "enable-parallel-deployments" : true,
    "region-primary-domain" : "us10.hana.ondemand.com",
    "space" : "dev",
    "region-domain" : "us10-001.hana.ondemand.com",
    "xs-api-url" : "https://api.cf.us10-001.hana.ondemand.com",
    "deploy-url" : "deploy-service.cfapps.us10-001.hana.ondemand.com",
    "xs-type" : "CF",
    "default-domain" : "cfapps.us10-001.hana.ondemand.com",
    "mta-version" : "1.0.0",
    "xs-auth-url" : "********",
    "space-guid" : "2f8af6dc-e97b-487c-9ee9-8b1bb9eeccbd",
    "user" : "********",
    "controller-url" : "https://api.cf.us10-001.hana.ondemand.com",
    "timestamp" : "20260814080717"
  },
  "parametersMetadata" : {
    "metadata" : { }
  }
}#
#2026 08 14 08:07:32.578#Z#DEBUG#2a9679fe-97b7-11f1-91c3-eeee0a9f1a4c.OPERATION#flowable-async-job-executor-thread-29068#
[ProcessDescriptorStep] Merged descriptor properties and parameters resolved#
#2026 08 14 08:07:32.578#Z#DEBUG#2a9679fe-97b7-11f1-91c3-eeee0a9f1a4c.OPERATION#flowable-async-job-executor-thread-29068#
Step "Re-Process Descriptor Step" finished#
#2026 08 14 08:07:32.648#Z#DEBUG#2a9679fe-97b7-11f1-91c3-eeee0a9f1a4c.OPERATION#flowable-async-job-executor-thread-29068#
[BuildApplicationDeployModelStep] Executing task "buildApplicationDeployModelTask" of process "338639dd-97b7-11f1-b71a-eeee0a862d34"...#
#2026 08 14 08:07:32.650#Z#DEBUG#2a9679fe-97b7-11f1-91c3-eeee0a9f1a4c.OPERATION#flowable-async-job-executor-thread-29068#
[BuildApplicationDeployModelStep] Building cloud deployment model for application "loyalty-rewards-srv"...#
#2026 08 14 08:07:32.655#Z#DEBUG#2a9679fe-97b7-11f1-91c3-eeee0a9f1a4c.OPERATION#flowable-async-job-executor-thread-29068#
[BuildApplicationDeployModelStep] No health-check-type is specified. Setting default type: port#
#2026 08 14 08:07:32.656#Z#INFO#2a9679fe-97b7-11f1-91c3-eeee0a9f1a4c.OPERATION#flowable-async-job-executor-thread-29068#
[BuildApplicationDeployModelStep] Building configuration entries for org 9231c958trial, space dev, spaceId 2f8af6dc-e97b-487c-9ee9-8b1bb9eeccbd and namespace null!#
#2026 08 14 08:07:32.656#Z#DEBUG#2a9679fe-97b7-11f1-91c3-eeee0a9f1a4c.OPERATION#flowable-async-job-executor-thread-29068#
[BuildApplicationDeployModelStep] Configuration entries to publish: [ ]#
#2026 08 14 08:07:32.656#Z#DEBUG#2a9679fe-97b7-11f1-91c3-eeee0a9f1a4c.OPERATION#flowable-async-job-executor-thread-29068#
[BuildApplicationDeployModelStep] Cloud deployment model for application built#
#2026 08 14 08:07:32.656#Z#DEBUG#2a9679fe-97b7-11f1-91c3-eeee0a9f1a4c.OPERATION#flowable-async-job-executor-thread-29068#
Step "Build Application Deploy Model" finished#
#2026 08 14 08:07:32.707#Z#DEBUG#2a9679fe-97b7-11f1-91c3-eeee0a9f1a4c.OPERATION#flowable-async-job-executor-thread-29068#
[CreateOrUpdateAppStep] Executing task "createAppTask" of process "338639dd-97b7-11f1-b71a-eeee0a862d34"...#
#2026 08 14 08:07:32.712#Z#DEBUG#2a9679fe-97b7-11f1-91c3-eeee0a9f1a4c.OPERATION#flowable-async-job-executor-thread-29068#
[CreateOrUpdateAppStep] Getting application "loyalty-rewards-srv"...#
#2026 08 14 08:07:32.750#Z#INFO#2a9679fe-97b7-11f1-91c3-eeee0a9f1a4c.OPERATION#flowable-async-job-executor-thread-29068#
[CreateOrUpdateAppStep] Updating application "loyalty-rewards-srv"...#
#2026 08 14 08:07:32.757#Z#DEBUG#2a9679fe-97b7-11f1-91c3-eeee0a9f1a4c.OPERATION#flowable-async-job-executor-thread-29068#
[CreateOrUpdateAppStep] Getting process for application "f923befe-21d1-4fb4-b72b-f81c31059c6d"...#
#2026 08 14 08:07:32.798#Z#DEBUG#2a9679fe-97b7-11f1-91c3-eeee0a9f1a4c.OPERATION#flowable-async-job-executor-thread-29068#
[CreateOrUpdateAppStep] Getting routes for application "f923befe-21d1-4fb4-b72b-f81c31059c6d"...#
#2026 08 14 08:07:32.840#Z#DEBUG#2a9679fe-97b7-11f1-91c3-eeee0a9f1a4c.OPERATION#flowable-async-job-executor-thread-29068#
[CreateOrUpdateAppStep] Getting features for application "f923befe-21d1-4fb4-b72b-f81c31059c6d"#
#2026 08 14 08:07:32.859#Z#DEBUG#2a9679fe-97b7-11f1-91c3-eeee0a9f1a4c.OPERATION#flowable-async-job-executor-thread-29068#
[CreateOrUpdateAppStep] Updating staging of application "loyalty-rewards-srv" to: {
  "buildpacks" : [ "nodejs_buildpack" ],
  "healthCheckType" : "port",
  "appFeatures" : { }
}#
#2026 08 14 08:07:33.081#Z#DEBUG#2a9679fe-97b7-11f1-91c3-eeee0a9f1a4c.OPERATION#flowable-async-job-executor-thread-29068#
[CreateOrUpdateAppStep] Application "loyalty-rewards-srv" updated#
#2026 08 14 08:07:33.081#Z#DEBUG#2a9679fe-97b7-11f1-91c3-eeee0a9f1a4c.OPERATION#flowable-async-job-executor-thread-29068#
[CreateOrUpdateAppStep] Getting environment of application "f923befe-21d1-4fb4-b72b-f81c31059c6d"...#
#2026 08 14 08:07:33.153#Z#DEBUG#2a9679fe-97b7-11f1-91c3-eeee0a9f1a4c.OPERATION#flowable-async-job-executor-thread-29068#
[CreateOrUpdateAppStep] Application "loyalty-rewards-srv" updated#
#2026 08 14 08:07:33.153#Z#DEBUG#2a9679fe-97b7-11f1-91c3-eeee0a9f1a4c.OPERATION#flowable-async-job-executor-thread-29068#
Step "Create App" finished#
#2026 08 14 08:07:33.236#Z#DEBUG#2a9679fe-97b7-11f1-91c3-eeee0a9f1a4c.OPERATION#flowable-async-job-executor-thread-29070#
[CheckServiceBindingOperationStep] Executing task "checkForServiceBindingOperationInProgress" of process "33f96ec1-97b7-11f1-b71a-eeee0a862d34"...#
#2026 08 14 08:07:33.236#Z#DEBUG#2a9679fe-97b7-11f1-91c3-eeee0a9f1a4c.OPERATION#flowable-async-job-executor-thread-29070#
[CheckServiceBindingOperationStep] Checking for service binding operation in progress between app "loyalty-rewards-srv" and service instance "loyalty-rewards-db"#
#2026 08 14 08:07:33.237#Z#DEBUG#2a9679fe-97b7-11f1-91c3-eeee0a9f1a4c.OPERATION#flowable-async-job-executor-thread-29070#
[CheckServiceBindingOperationStep] Getting application guid "loyalty-rewards-srv"...#
#2026 08 14 08:07:33.269#Z#DEBUG#2a9679fe-97b7-11f1-91c3-eeee0a9f1a4c.OPERATION#flowable-async-job-executor-thread-29070#
[CheckServiceBindingOperationStep] Getting GUID of required service instance "loyalty-rewards-db"...#
#2026 08 14 08:07:33.305#Z#DEBUG#2a9679fe-97b7-11f1-91c3-eeee0a9f1a4c.OPERATION#flowable-async-job-executor-thread-29070#
[CheckServiceBindingOperationStep] Getting binding of service instance "498dba9b-2d56-44a2-84e3-c66136b2de6e" with application "f923befe-21d1-4fb4-b72b-f81c31059c6d"...#
#2026 08 14 08:07:33.341#Z#DEBUG#2a9679fe-97b7-11f1-91c3-eeee0a9f1a4c.OPERATION#flowable-async-job-executor-thread-29070#
[CheckServiceBindingOperationStep] Service binding operation "23b82bc3-e290-4e34-8f0d-6c173a02b898" with type "create" is in state "succeeded"#
#2026 08 14 08:07:33.341#Z#DEBUG#2a9679fe-97b7-11f1-91c3-eeee0a9f1a4c.OPERATION#flowable-async-job-executor-thread-29070#
Step "Check For Service Binding Operation In Progress" finished#
#2026 08 14 08:07:33.365#Z#DEBUG#2a9679fe-97b7-11f1-91c3-eeee0a9f1a4c.OPERATION#flowable-async-job-executor-thread-29070#
[DetermineApplicationServiceBindingActionsStep] Executing task "determineApplicationServiceBindingActionsTask" of process "33f96ec1-97b7-11f1-b71a-eeee0a862d34"...#
#2026 08 14 08:07:33.366#Z#DEBUG#2a9679fe-97b7-11f1-91c3-eeee0a9f1a4c.OPERATION#flowable-async-job-executor-thread-29070#
[DetermineApplicationServiceBindingActionsStep] Determine bind/unbind operations of application "loyalty-rewards-srv" to service instance "loyalty-rewards-db"#
#2026 08 14 08:07:33.366#Z#DEBUG#2a9679fe-97b7-11f1-91c3-eeee0a9f1a4c.OPERATION#flowable-async-job-executor-thread-29070#
[DetermineApplicationServiceBindingActionsStep] Getting application "loyalty-rewards-srv"...#
#2026 08 14 08:07:33.398#Z#DEBUG#2a9679fe-97b7-11f1-91c3-eeee0a9f1a4c.OPERATION#flowable-async-job-executor-thread-29070#
[DetermineApplicationServiceBindingActionsStep] Binding parameters for application "loyalty-rewards-srv": { }#
#2026 08 14 08:07:33.430#Z#DEBUG#2a9679fe-97b7-11f1-91c3-eeee0a9f1a4c.OPERATION#flowable-async-job-executor-thread-29070#
[DetermineApplicationServiceBindingActionsStep] Check should rebind application "loyalty-rewards-srv" and service instance "loyalty-rewards-db"#
#2026 08 14 08:07:33.430#Z#DEBUG#2a9679fe-97b7-11f1-91c3-eeee0a9f1a4c.OPERATION#flowable-async-job-executor-thread-29070#
[DetermineApplicationServiceBindingActionsStep] Getting GUID of required service instance "loyalty-rewards-db"...#
#2026 08 14 08:07:33.463#Z#DEBUG#2a9679fe-97b7-11f1-91c3-eeee0a9f1a4c.OPERATION#flowable-async-job-executor-thread-29070#
[DetermineApplicationServiceBindingActionsStep] Getting binding of service instance "498dba9b-2d56-44a2-84e3-c66136b2de6e" with application "f923befe-21d1-4fb4-b72b-f81c31059c6d"...#
#2026 08 14 08:07:33.493#Z#DEBUG#2a9679fe-97b7-11f1-91c3-eeee0a9f1a4c.OPERATION#flowable-async-job-executor-thread-29070#
[DetermineApplicationServiceBindingActionsStep] Getting parameters of service binding "23b82bc3-e290-4e34-8f0d-6c173a02b898"...#
#2026 08 14 08:07:33.661#Z#INFO#2a9679fe-97b7-11f1-91c3-eeee0a9f1a4c.OPERATION#flowable-async-job-executor-thread-29070#
[DetermineApplicationServiceBindingActionsStep] Service instance "loyalty-rewards-db" will not be rebound to application "loyalty-rewards-srv" because the binding parameters are not modified#
#2026 08 14 08:07:33.684#Z#DEBUG#2a9679fe-97b7-11f1-91c3-eeee0a9f1a4c.OPERATION#flowable-async-job-executor-thread-29070#
[DetermineApplicationServiceBindingActionsStep] Calculated binding operations between application "loyalty-rewards-srv" and service instance "loyalty-rewards-db": unbind - false bind - false#
#2026 08 14 08:07:33.684#Z#DEBUG#2a9679fe-97b7-11f1-91c3-eeee0a9f1a4c.OPERATION#flowable-async-job-executor-thread-29070#
Step "Determine Application Service Binding Actions" finished#
#2026 08 14 08:07:34.131#Z#DEBUG#2a9679fe-97b7-11f1-91c3-eeee0a9f1a4c.OPERATION#flowable-async-job-executor-thread-29067#
[CheckServiceBindingOperationStep] Executing task "checkForServiceBindingOperationInProgress" of process "347e7d81-97b7-11f1-b71a-eeee0a862d34"...#
#2026 08 14 08:07:34.131#Z#DEBUG#2a9679fe-97b7-11f1-91c3-eeee0a9f1a4c.OPERATION#flowable-async-job-executor-thread-29067#
[CheckServiceBindingOperationStep] Checking for service binding operation in progress between app "loyalty-rewards-srv" and service instance "loyalty-rewards-auth"#
#2026 08 14 08:07:34.132#Z#DEBUG#2a9679fe-97b7-11f1-91c3-eeee0a9f1a4c.OPERATION#flowable-async-job-executor-thread-29067#
[CheckServiceBindingOperationStep] Getting application guid "loyalty-rewards-srv"...#
#2026 08 14 08:07:34.159#Z#DEBUG#2a9679fe-97b7-11f1-91c3-eeee0a9f1a4c.OPERATION#flowable-async-job-executor-thread-29067#
[CheckServiceBindingOperationStep] Getting GUID of required service instance "loyalty-rewards-auth"...#
#2026 08 14 08:07:34.192#Z#DEBUG#2a9679fe-97b7-11f1-91c3-eeee0a9f1a4c.OPERATION#flowable-async-job-executor-thread-29067#
[CheckServiceBindingOperationStep] Getting binding of service instance "d9517d36-f848-437e-b17d-7a592ba1d65c" with application "f923befe-21d1-4fb4-b72b-f81c31059c6d"...#
#2026 08 14 08:07:34.225#Z#DEBUG#2a9679fe-97b7-11f1-91c3-eeee0a9f1a4c.OPERATION#flowable-async-job-executor-thread-29067#
[CheckServiceBindingOperationStep] Service binding operation "41d0d740-c57e-440b-92ca-57d7ec3c0cfe" with type "create" is in state "succeeded"#
#2026 08 14 08:07:34.225#Z#DEBUG#2a9679fe-97b7-11f1-91c3-eeee0a9f1a4c.OPERATION#flowable-async-job-executor-thread-29067#
Step "Check For Service Binding Operation In Progress" finished#
#2026 08 14 08:07:34.171#Z#DEBUG#2a9679fe-97b7-11f1-91c3-eeee0a9f1a4c.OPERATION#flowable-async-job-executor-thread-29064#
[BuildContentDeploymentConfigurationStep] Executing task "buildContentDeploymentConfigurationTask" of process "3480eec1-97b7-11f1-b71a-eeee0a862d34"...#
#2026 08 14 08:07:34.179#Z#DEBUG#2a9679fe-97b7-11f1-91c3-eeee0a9f1a4c.OPERATION#ForkJoinPool-340-worker-1#
[BuildContentDeploymentConfigurationStep] Getting service key "loyalty-rewards-app-deployer-loyalty-rewards-auth-credentials" for service instance "loyalty-rewards-auth"...#
#2026 08 14 08:07:34.179#Z#DEBUG#2a9679fe-97b7-11f1-91c3-eeee0a9f1a4c.OPERATION#ForkJoinPool-340-worker-2#
[BuildContentDeploymentConfigurationStep] Getting service key "loyalty-rewards-app-deployer-loyalty-rewards-html5-repo-host-credentials" for service instance "loyalty-rewards-html5-repo-host"...#
#2026 08 14 08:07:34.351#Z#INFO#2a9679fe-97b7-11f1-91c3-eeee0a9f1a4c.OPERATION#ForkJoinPool-340-worker-2#
[BuildContentDeploymentConfigurationStep] Service key "loyalty-rewards-app-deployer-loyalty-rewards-html5-repo-host-credentials" for service "loyalty-rewards-html5-repo-host" already exists#
#2026 08 14 08:07:34.367#Z#INFO#2a9679fe-97b7-11f1-91c3-eeee0a9f1a4c.OPERATION#ForkJoinPool-340-worker-1#
[BuildContentDeploymentConfigurationStep] Service key "loyalty-rewards-app-deployer-loyalty-rewards-auth-credentials" for service "loyalty-rewards-auth" already exists#
#2026 08 14 08:07:34.372#Z#DEBUG#2a9679fe-97b7-11f1-91c3-eeee0a9f1a4c.OPERATION#flowable-async-job-executor-thread-29064#
Step "Build Content Deployment Configuration" finished#
#2026 08 14 08:07:34.251#Z#DEBUG#2a9679fe-97b7-11f1-91c3-eeee0a9f1a4c.OPERATION#flowable-async-job-executor-thread-29067#
[DetermineApplicationServiceBindingActionsStep] Executing task "determineApplicationServiceBindingActionsTask" of process "347e7d81-97b7-11f1-b71a-eeee0a862d34"...#
#2026 08 14 08:07:34.253#Z#DEBUG#2a9679fe-97b7-11f1-91c3-eeee0a9f1a4c.OPERATION#flowable-async-job-executor-thread-29067#
[DetermineApplicationServiceBindingActionsStep] Determine bind/unbind operations of application "loyalty-rewards-srv" to service instance "loyalty-rewards-auth"#
#2026 08 14 08:07:34.253#Z#DEBUG#2a9679fe-97b7-11f1-91c3-eeee0a9f1a4c.OPERATION#flowable-async-job-executor-thread-29067#
[DetermineApplicationServiceBindingActionsStep] Getting application "loyalty-rewards-srv"...#
#2026 08 14 08:07:34.280#Z#DEBUG#2a9679fe-97b7-11f1-91c3-eeee0a9f1a4c.OPERATION#flowable-async-job-executor-thread-29067#
[DetermineApplicationServiceBindingActionsStep] Binding parameters for application "loyalty-rewards-srv": { }#
#2026 08 14 08:07:34.313#Z#DEBUG#2a9679fe-97b7-11f1-91c3-eeee0a9f1a4c.OPERATION#flowable-async-job-executor-thread-29067#
[DetermineApplicationServiceBindingActionsStep] Check should rebind application "loyalty-rewards-srv" and service instance "loyalty-rewards-auth"#
#2026 08 14 08:07:34.313#Z#DEBUG#2a9679fe-97b7-11f1-91c3-eeee0a9f1a4c.OPERATION#flowable-async-job-executor-thread-29067#
[DetermineApplicationServiceBindingActionsStep] Getting GUID of required service instance "loyalty-rewards-auth"...#
#2026 08 14 08:07:34.338#Z#DEBUG#2a9679fe-97b7-11f1-91c3-eeee0a9f1a4c.OPERATION#flowable-async-job-executor-thread-29067#
[DetermineApplicationServiceBindingActionsStep] Getting binding of service instance "d9517d36-f848-437e-b17d-7a592ba1d65c" with application "f923befe-21d1-4fb4-b72b-f81c31059c6d"...#
#2026 08 14 08:07:34.369#Z#DEBUG#2a9679fe-97b7-11f1-91c3-eeee0a9f1a4c.OPERATION#flowable-async-job-executor-thread-29067#
[DetermineApplicationServiceBindingActionsStep] Getting parameters of service binding "41d0d740-c57e-440b-92ca-57d7ec3c0cfe"...#
#2026 08 14 08:07:34.404#Z#WARN#2a9679fe-97b7-11f1-91c3-eeee0a9f1a4c.OPERATION#flowable-async-job-executor-thread-29067#
[DetermineApplicationServiceBindingActionsStep] Cannot retrieve parameters of binding between application "loyalty-rewards-srv" and service instance "loyalty-rewards-auth"#
#2026 08 14 08:07:34.405#Z#DEBUG#2a9679fe-97b7-11f1-91c3-eeee0a9f1a4c.OPERATION#flowable-async-job-executor-thread-29067#
[DetermineApplicationServiceBindingActionsStep] Calculated binding operations between application "loyalty-rewards-srv" and service instance "loyalty-rewards-auth": unbind - true bind - true#
#2026 08 14 08:07:34.405#Z#DEBUG#2a9679fe-97b7-11f1-91c3-eeee0a9f1a4c.OPERATION#flowable-async-job-executor-thread-29067#
Step "Determine Application Service Binding Actions" finished#
#2026 08 14 08:07:34.375#Z#DEBUG#2a9679fe-97b7-11f1-91c3-eeee0a9f1a4c.OPERATION#flowable-async-job-executor-thread-29064#
[CreateContentDeployClientConfigurationStep] Executing task "createContentDeployClientConfigurationTask" of process "34acb8e7-97b7-11f1-b71a-eeee0a862d34"...#
#2026 08 14 08:07:34.375#Z#DEBUG#2a9679fe-97b7-11f1-91c3-eeee0a9f1a4c.OPERATION#flowable-async-job-executor-thread-29064#
[CreateContentDeployClientConfigurationStep] Content deployer client configuration: {
  "contentDeployerUrl" : "https://html5-apps-repo-dt.cfapps.us10.hana.ondemand.com",
  "uaaClientConfiguration" : {
    "url" : "********",
    "credentials" : "********",
    "authenticationStrategyType" : "********"
  },
  "httpRequestHeaders" : {
    "X-CorrelationID" : "2a9679fe-97b7-11f1-91c3-eeee0a9f1a4c"
  },
  "spaceId" : "2f8af6dc-e97b-487c-9ee9-8b1bb9eeccbd",
  "serviceName" : "loyalty-rewards-html5-repo-host"
}#
#2026 08 14 08:07:34.562#Z#DEBUG#2a9679fe-97b7-11f1-91c3-eeee0a9f1a4c.OPERATION#flowable-async-job-executor-thread-29064#
Step "Create Content Deploy Client Configuration" finished#
#2026 08 14 08:07:34.564#Z#DEBUG#2a9679fe-97b7-11f1-91c3-eeee0a9f1a4c.OPERATION#flowable-async-job-executor-thread-29064#
[GetContentFromDeploymentDescriptorStep] Executing task "getContentFromDeploymentDescriptorTask" of process "34acb8e7-97b7-11f1-b71a-eeee0a862d34"...#
#2026 08 14 08:07:34.564#Z#DEBUG#2a9679fe-97b7-11f1-91c3-eeee0a9f1a4c.OPERATION#flowable-async-job-executor-thread-29064#
Step "Get Content From Deployment Descriptor" finished#
#2026 08 14 08:07:34.438#Z#DEBUG#2a9679fe-97b7-11f1-91c3-eeee0a9f1a4c.OPERATION#flowable-async-job-executor-thread-29067#
[UnbindServiceFromApplicationStep] Executing task "unbindServiceFromApplicationTask" of process "347e7d81-97b7-11f1-b71a-eeee0a862d34"...#
#2026 08 14 08:07:34.441#Z#INFO#2a9679fe-97b7-11f1-91c3-eeee0a9f1a4c.OPERATION#flowable-async-job-executor-thread-29067#
[UnbindServiceFromApplicationStep] Unbinding service instance "loyalty-rewards-auth" from application "loyalty-rewards-srv"...#
#2026 08 14 08:07:34.445#Z#DEBUG#2a9679fe-97b7-11f1-91c3-eeee0a9f1a4c.OPERATION#flowable-async-job-executor-thread-29067#
[UnbindServiceFromApplicationStep] Unbinding application "loyalty-rewards-srv" from service instance "loyalty-rewards-auth"...#
#2026 08 14 08:07:34.579#Z#DEBUG#2a9679fe-97b7-11f1-91c3-eeee0a9f1a4c.OPERATION#flowable-async-job-executor-thread-29067#
Step "Unbind Service from Application" finished#
#2026 08 14 08:07:34.565#Z#DEBUG#2a9679fe-97b7-11f1-91c3-eeee0a9f1a4c.OPERATION#flowable-async-job-executor-thread-29064#
[UploadContentStep] Executing task "uploadContentTask" of process "34acb8e7-97b7-11f1-b71a-eeee0a862d34"...#
#2026 08 14 08:07:34.565#Z#INFO#2a9679fe-97b7-11f1-91c3-eeee0a9f1a4c.OPERATION#flowable-async-job-executor-thread-29064#
[UploadContentStep] Uploading content module "loyalty-rewards-app-deployer" in target service "loyalty-rewards-html5-repo-host"...#
#2026 08 14 08:07:34.569#Z#DEBUG#2a9679fe-97b7-11f1-91c3-eeee0a9f1a4c.OPERATION#flowable-async-job-executor-thread-29064#
[UploadContentStep] Uploading file "loyalty-rewards-app-deployer/app/data.zip" for content module "loyalty-rewards-app-deployer" in service "loyalty-rewards-html5-repo-host"#
#2026 08 14 08:07:34.778#Z#INFO#2a9679fe-97b7-11f1-91c3-eeee0a9f1a4c.OPERATION#flowable-async-job-executor-thread-29064#
[UploadContentStep] Content to deploy size: 19,516 in bytes#
#2026 08 14 08:07:35.681#Z#DEBUG#2a9679fe-97b7-11f1-91c3-eeee0a9f1a4c.OPERATION#flowable-async-job-executor-thread-29064#
[UploadContentStep] Uploaded content: {
  "id" : "e3a06b97-4ab9-460f-bc7a-758b6cf38bbb",
  "name" : "content.zip",
  "contentType" : "FILE"
}#
#2026 08 14 08:07:35.681#Z#DEBUG#2a9679fe-97b7-11f1-91c3-eeee0a9f1a4c.OPERATION#flowable-async-job-executor-thread-29064#
Step "Upload Content" finished#
#2026 08 14 08:07:35.683#Z#DEBUG#2a9679fe-97b7-11f1-91c3-eeee0a9f1a4c.OPERATION#flowable-async-job-executor-thread-29064#
[StartContentDeployStep] Executing task "startContentDeployTask" of process "34acb8e7-97b7-11f1-b71a-eeee0a862d34"...#
#2026 08 14 08:07:35.684#Z#INFO#2a9679fe-97b7-11f1-91c3-eeee0a9f1a4c.OPERATION#flowable-async-job-executor-thread-29064#
[StartContentDeployStep] Deploying content module "loyalty-rewards-app-deployer" in target service "loyalty-rewards-html5-repo-host"...#
#2026 08 14 08:07:35.918#Z#DEBUG#2a9679fe-97b7-11f1-91c3-eeee0a9f1a4c.OPERATION#flowable-async-job-executor-thread-29064#
Step "Start Content Deploy" finished#
#2026 08 14 08:07:37.209#Z#DEBUG#2a9679fe-97b7-11f1-91c3-eeee0a9f1a4c.OPERATION#flowable-async-job-executor-thread-29069#
[ProcessDescriptorStep] Executing task "reprocessDescriptorTask" of process "364f6d64-97b7-11f1-b71a-eeee0a862d34"...#
#2026 08 14 08:07:37.210#Z#DEBUG#2a9679fe-97b7-11f1-91c3-eeee0a9f1a4c.OPERATION#flowable-async-job-executor-thread-29069#
[ProcessDescriptorStep] Resolving properties and parameters in merged descriptor...#
#2026 08 14 08:07:37.213#Z#DEBUG#2a9679fe-97b7-11f1-91c3-eeee0a9f1a4c.OPERATION#flowable-async-job-executor-thread-29069#
[ProcessDescriptorStep] Subscriptions: [ ]#
#2026 08 14 08:07:37.219#Z#DEBUG#2a9679fe-97b7-11f1-91c3-eeee0a9f1a4c.OPERATION#flowable-async-job-executor-thread-29069#
[ProcessDescriptorStep] MTA modules: [loyalty-rewards-srv, loyalty-rewards-app-deployer, loyalty-rewards-db-deployer, loyalty-rewards]#
#2026 08 14 08:07:37.222#Z#DEBUG#2a9679fe-97b7-11f1-91c3-eeee0a9f1a4c.OPERATION#flowable-async-job-executor-thread-29069#
[ProcessDescriptorStep] Resolved deployment descriptor: {
  "majorSchemaVersion" : 3,
  "schemaVersion" : "3.3.0",
  "id" : "loyalty-rewards",
  "version" : "1.0.0",
  "modules" : [ {
    "majorSchemaVersion" : 3,
    "name" : "loyalty-rewards-srv",
    "type" : "javascript.nodejs",
    "path" : "loyalty-rewards-srv",
    "properties" : { },
    "parameters" : {
      "default-url" : "https://9231c958trial-dev-loyalty-rewards-srv.cfapps.us10-001.hana.ondemand.com",
      "default-app-name" : "loyalty-rewards-srv",
      "generated-password" : "********",
      "default-live-url" : "https://9231c958trial-dev-loyalty-rewards-srv.cfapps.us10-001.hana.ondemand.com",
      "default-uri" : "9231c958trial-dev-loyalty-rewards-srv.cfapps.us10-001.hana.ondemand.com",
      "default-instances" : 1,
      "default-live-host" : "9231c958trial-dev-loyalty-rewards-srv",
      "instances" : 1,
      "buildpack" : "nodejs_buildpack",
      "default-host" : "9231c958trial-dev-loyalty-rewards-srv",
      "app-name" : "loyalty-rewards-srv",
      "default-live-uri" : "9231c958trial-dev-loyalty-rewards-srv.cfapps.us10-001.hana.ondemand.com",
      "protocol" : "https",
      "default-live-app-name" : "loyalty-rewards-srv",
      "default-live-domain" : "cfapps.us10-001.hana.ondemand.com",
      "domain" : "cfapps.us10-001.hana.ondemand.com",
      "host" : "9231c958trial-dev-loyalty-rewards-srv",
      "generated-user" : "********"
    },
    "requiredDependencies" : [ {
      "majorSchemaVersion" : 3,
      "name" : "********",
      "properties" : { },
      "parameters" : { },
      "propertiesMetadata" : {
        "metadata" : { }
      },
      "parametersMetadata" : {
        "metadata" : { }
      }
    }, {
      "majorSchemaVersion" : 3,
      "name" : "loyalty-rewards-db",
      "properties" : { },
      "parameters" : { },
      "propertiesMetadata" : {
        "metadata" : { }
      },
      "parametersMetadata" : {
        "metadata" : { }
      }
    } ],
    "providedDependencies" : [ {
      "majorSchemaVersion" : 3,
      "name" : "srv-api",
      "isPublic" : false,
      "properties" : {
        "srv-url" : "https://9231c958trial-dev-loyalty-rewards-srv.cfapps.us10-001.hana.ondemand.com"
      },
      "parameters" : { },
      "propertiesMetadata" : {
        "metadata" : { }
      },
      "parametersMetadata" : {
        "metadata" : { }
      }
    }, {
      "majorSchemaVersion" : 3,
      "name" : "loyalty-rewards-srv",
      "isPublic" : false,
      "properties" : { },
      "parameters" : { },
      "propertiesMetadata" : {
        "metadata" : { }
      },
      "parametersMetadata" : {
        "metadata" : { }
      }
    } ],
    "propertiesMetadata" : {
      "metadata" : { }
    },
    "parametersMetadata" : {
      "metadata" : { }
    },
    "hooks" : [ ]
  }, {
    "majorSchemaVersion" : 3,
    "name" : "loyalty-rewards-db-deployer",
    "type" : "com.sap.xs.hdi",
    "path" : "loyalty-rewards-db-deployer",
    "properties" : {
      "EXIT" : 1
    },
    "parameters" : {
      "default-url" : "https://9231c958trial-dev-loyalty-rewards-db-deployer.cfapps.us10-001.hana.ondemand.com",
      "default-app-name" : "loyalty-rewards-db-deployer",
      "generated-password" : "********",
      "default-live-url" : "https://9231c958trial-dev-loyalty-rewards-db-deployer.cfapps.us10-001.hana.ondemand.com",
      "default-uri" : "9231c958trial-dev-loyalty-rewards-db-deployer.cfapps.us10-001.hana.ondemand.com",
      "memory" : "256M",
      "default-instances" : 1,
      "no-route" : true,
      "default-live-host" : "9231c958trial-dev-loyalty-rewards-db-deployer",
      "instances" : 1,
      "buildpack" : "nodejs_buildpack",
      "default-host" : "9231c958trial-dev-loyalty-rewards-db-deployer",
      "app-name" : "loyalty-rewards-db-deployer",
      "default-live-uri" : "9231c958trial-dev-loyalty-rewards-db-deployer.cfapps.us10-001.hana.ondemand.com",
      "protocol" : "https",
      "default-live-app-name" : "loyalty-rewards-db-deployer",
      "default-live-domain" : "cfapps.us10-001.hana.ondemand.com",
      "dependency-type" : "hard",
      "domain" : "cfapps.us10-001.hana.ondemand.com",
      "host" : "9231c958trial-dev-loyalty-rewards-db-deployer",
      "generated-user" : "********",
      "tasks" : [ {
        "command" : "npm start",
        "memory" : "256M",
        "name" : "deploy"
      } ],
      "no-start" : true
    },
    "requiredDependencies" : [ {
      "majorSchemaVersion" : 3,
      "name" : "loyalty-rewards-db",
      "properties" : { },
      "parameters" : { },
      "propertiesMetadata" : {
        "metadata" : { }
      },
      "parametersMetadata" : {
        "metadata" : { }
      }
    } ],
    "providedDependencies" : [ {
      "majorSchemaVersion" : 3,
      "name" : "loyalty-rewards-db-deployer",
      "isPublic" : false,
      "properties" : { },
      "parameters" : { },
      "propertiesMetadata" : {
        "metadata" : { }
      },
      "parametersMetadata" : {
        "metadata" : { }
      }
    } ],
    "propertiesMetadata" : {
      "metadata" : { }
    },
    "parametersMetadata" : {
      "metadata" : { }
    },
    "hooks" : [ ]
  }, {
    "majorSchemaVersion" : 3,
    "name" : "loyalty-rewards",
    "type" : "javascript.nodejs",
    "path" : "loyalty-rewards",
    "properties" : { },
    "parameters" : {
      "default-url" : "https://9231c958trial-dev-loyalty-rewards.cfapps.us10-001.hana.ondemand.com",
      "default-app-name" : "loyalty-rewards",
      "generated-password" : "********",
      "default-live-url" : "https://9231c958trial-dev-loyalty-rewards.cfapps.us10-001.hana.ondemand.com",
      "default-uri" : "9231c958trial-dev-loyalty-rewards.cfapps.us10-001.hana.ondemand.com",
      "memory" : "256M",
      "default-instances" : 1,
      "default-live-host" : "9231c958trial-dev-loyalty-rewards",
      "instances" : 1,
      "default-host" : "9231c958trial-dev-loyalty-rewards",
      "keep-existing-routes" : true,
      "app-name" : "loyalty-rewards",
      "default-live-uri" : "9231c958trial-dev-loyalty-rewards.cfapps.us10-001.hana.ondemand.com",
      "protocol" : "https",
      "default-live-app-name" : "loyalty-rewards",
      "default-live-domain" : "cfapps.us10-001.hana.ondemand.com",
      "disk-quota" : "256M",
      "domain" : "cfapps.us10-001.hana.ondemand.com",
      "host" : "9231c958trial-dev-loyalty-rewards",
      "generated-user" : "********"
    },
    "requiredDependencies" : [ {
      "majorSchemaVersion" : 3,
      "name" : "srv-api",
      "group" : "destinations",
      "properties" : {
        "name" : "srv-api",
        "forwardAuthToken" : "********",
        "url" : "https://9231c958trial-dev-loyalty-rewards-srv.cfapps.us10-001.hana.ondemand.com"
      },
      "parameters" : { },
      "propertiesMetadata" : {
        "metadata" : { }
      },
      "parametersMetadata" : {
        "metadata" : { }
      }
    }, {
      "majorSchemaVersion" : 3,
      "name" : "********",
      "properties" : { },
      "parameters" : { },
      "propertiesMetadata" : {
        "metadata" : { }
      },
      "parametersMetadata" : {
        "metadata" : { }
      }
    }, {
      "majorSchemaVersion" : 3,
      "name" : "loyalty-rewards-html5-runtime",
      "properties" : { },
      "parameters" : { },
      "propertiesMetadata" : {
        "metadata" : { }
      },
      "parametersMetadata" : {
        "metadata" : { }
      }
    }, {
      "majorSchemaVersion" : 3,
      "name" : "loyalty-rewards-destination-service",
      "group" : "destinations",
      "properties" : {
        "name" : "ui5",
        "forwardAuthToken" : "********",
        "url" : "https://ui5.sap.com"
      },
      "parameters" : { },
      "propertiesMetadata" : {
        "metadata" : { }
      },
      "parametersMetadata" : {
        "metadata" : { }
      }
    } ],
    "providedDependencies" : [ {
      "majorSchemaVersion" : 3,
      "name" : "app-api",
      "isPublic" : false,
      "properties" : {
        "app-protocol" : "https",
        "app-uri" : "9231c958trial-dev-loyalty-rewards.cfapps.us10-001.hana.ondemand.com"
      },
      "parameters" : { },
      "propertiesMetadata" : {
        "metadata" : { }
      },
      "parametersMetadata" : {
        "metadata" : { }
      }
    }, {
      "majorSchemaVersion" : 3,
      "name" : "loyalty-rewards",
      "isPublic" : false,
      "properties" : { },
      "parameters" : { },
      "propertiesMetadata" : {
        "metadata" : { }
      },
      "parametersMetadata" : {
        "metadata" : { }
      }
    } ],
    "propertiesMetadata" : {
      "metadata" : { }
    },
    "parametersMetadata" : {
      "metadata" : { }
    },
    "hooks" : [ ]
  }, {
    "majorSchemaVersion" : 3,
    "name" : "loyalty-rewards-app-deployer",
    "type" : "com.sap.application.content",
    "path" : "loyalty-rewards-app-deployer",
    "properties" : { },
    "parameters" : {
      "default-url" : "https://9231c958trial-dev-loyalty-rewards-app-deployer.cfapps.us10-001.hana.ondemand.com",
      "default-app-name" : "loyalty-rewards-app-deployer",
      "generated-password" : "********",
      "default-live-url" : "https://9231c958trial-dev-loyalty-rewards-app-deployer.cfapps.us10-001.hana.ondemand.com",
      "default-uri" : "9231c958trial-dev-loyalty-rewards-app-deployer.cfapps.us10-001.hana.ondemand.com",
      "default-instances" : 1,
      "default-live-host" : "9231c958trial-dev-loyalty-rewards-app-deployer",
      "instances" : 1,
      "default-host" : "9231c958trial-dev-loyalty-rewards-app-deployer",
      "app-name" : "loyalty-rewards-app-deployer",
      "default-live-uri" : "9231c958trial-dev-loyalty-rewards-app-deployer.cfapps.us10-001.hana.ondemand.com",
      "protocol" : "https",
      "default-live-app-name" : "loyalty-rewards-app-deployer",
      "default-live-domain" : "cfapps.us10-001.hana.ondemand.com",
      "domain" : "cfapps.us10-001.hana.ondemand.com",
      "host" : "9231c958trial-dev-loyalty-rewards-app-deployer",
      "generated-user" : "********"
    },
    "requiredDependencies" : [ {
      "majorSchemaVersion" : 3,
      "name" : "********",
      "properties" : { },
      "parameters" : { },
      "propertiesMetadata" : {
        "metadata" : { }
      },
      "parametersMetadata" : {
        "metadata" : { }
      }
    }, {
      "majorSchemaVersion" : 3,
      "name" : "srv-api",
      "properties" : { },
      "parameters" : { },
      "propertiesMetadata" : {
        "metadata" : { }
      },
      "parametersMetadata" : {
        "metadata" : { }
      }
    }, {
      "majorSchemaVersion" : 3,
      "name" : "loyalty-rewards-html5-repo-host",
      "properties" : { },
      "parameters" : {
        "config" : {
          "HTML5Runtime_enabled" : true
        },
        "content-target" : true
      },
      "propertiesMetadata" : {
        "metadata" : { }
      },
      "parametersMetadata" : {
        "metadata" : { }
      }
    } ],
    "providedDependencies" : [ {
      "majorSchemaVersion" : 3,
      "name" : "loyalty-rewards-app-deployer",
      "isPublic" : false,
      "properties" : { },
      "parameters" : { },
      "propertiesMetadata" : {
        "metadata" : { }
      },
      "parametersMetadata" : {
        "metadata" : { }
      }
    } ],
    "propertiesMetadata" : {
      "metadata" : { }
    },
    "parametersMetadata" : {
      "metadata" : { }
    },
    "hooks" : [ ]
  } ],
  "resources" : [ {
    "majorSchemaVersion" : 3,
    "name" : "********",
    "type" : "org.cloudfoundry.managed-service",
    "properties" : { },
    "parameters" : {
      "generated-password" : "********",
      "path" : "./xs-security.json",
      "service-name" : "********",
      "service-plan" : "application",
      "service" : "xsuaa",
      "generated-user" : "********",
      "default-xsappname" : "********",
      "type" : "managed-service",
      "config" : {
        "oauth2-configuration" : "********",
        "role-collections" : [ {
          "description" : "generated",
          "name" : "admin (loyalty-rewards 9231c958trial-dev)",
          "role-template-references" : [ "$XSAPPNAME.admin" ]
        }, {
          "description" : "generated",
          "name" : "staff (loyalty-rewards 9231c958trial-dev)",
          "role-template-references" : [ "$XSAPPNAME.staff" ]
        }, {
          "description" : "generated",
          "name" : "customer (loyalty-rewards 9231c958trial-dev)",
          "role-template-references" : [ "$XSAPPNAME.customer" ]
        }, {
          "description" : "generated",
          "name" : "********",
          "role-template-references" : [ "********" ]
        } ],
        "tenant-mode" : "dedicated",
        "xsappname" : "loyalty-rewards-9231c958trial-dev"
      },
      "default-service-name" : "********",
      "default-container-name" : "********"
    },
    "isActive" : true,
    "isOptional" : false,
    "propertiesMetadata" : {
      "metadata" : { }
    },
    "parametersMetadata" : {
      "metadata" : { }
    },
    "requiredDependencies" : [ {
      "majorSchemaVersion" : 3,
      "name" : "app-api",
      "properties" : { },
      "parameters" : { },
      "propertiesMetadata" : {
        "metadata" : { }
      },
      "parametersMetadata" : {
        "metadata" : { }
      }
    } ],
    "processedAfter" : [ ]
  }, {
    "majorSchemaVersion" : 3,
    "name" : "loyalty-rewards-db",
    "type" : "com.sap.xs.hdi-container",
    "properties" : { },
    "parameters" : {
      "generated-password" : "********",
      "service-name" : "loyalty-rewards-db",
      "service-plan" : "hdi-shared",
      "service" : "hana",
      "generated-user" : "********",
      "default-xsappname" : "loyalty-rewards-db",
      "type" : "managed-service",
      "default-service-name" : "loyalty-rewards-db",
      "default-container-name" : "9231C958TRIAL_DEV_LOYALTY_REWARDS_DB"
    },
    "isActive" : true,
    "isOptional" : false,
    "propertiesMetadata" : {
      "metadata" : { }
    },
    "parametersMetadata" : {
      "metadata" : { }
    },
    "requiredDependencies" : [ ],
    "processedAfter" : [ ]
  }, {
    "majorSchemaVersion" : 3,
    "name" : "loyalty-rewards-html5-repo-host",
    "type" : "org.cloudfoundry.managed-service",
    "properties" : { },
    "parameters" : {
      "generated-password" : "********",
      "service-name" : "loyalty-rewards-html5-repo-host",
      "service-plan" : "app-host",
      "service" : "html5-apps-repo",
      "generated-user" : "********",
      "default-xsappname" : "loyalty-rewards-html5-repo-host",
      "type" : "managed-service",
      "default-service-name" : "loyalty-rewards-html5-repo-host",
      "default-container-name" : "9231C958TRIAL_DEV_LOYALTY_REWARDS_HTML5_REPO_HOST"
    },
    "isActive" : true,
    "isOptional" : false,
    "propertiesMetadata" : {
      "metadata" : { }
    },
    "parametersMetadata" : {
      "metadata" : { }
    },
    "requiredDependencies" : [ ],
    "processedAfter" : [ ]
  }, {
    "majorSchemaVersion" : 3,
    "name" : "loyalty-rewards-html5-runtime",
    "type" : "org.cloudfoundry.managed-service",
    "properties" : { },
    "parameters" : {
      "generated-password" : "********",
      "service-name" : "loyalty-rewards-html5-runtime",
      "service-plan" : "app-runtime",
      "service" : "html5-apps-repo",
      "generated-user" : "********",
      "default-xsappname" : "loyalty-rewards-html5-runtime",
      "type" : "managed-service",
      "default-service-name" : "loyalty-rewards-html5-runtime",
      "default-container-name" : "9231C958TRIAL_DEV_LOYALTY_REWARDS_HTML5_RUNTIME"
    },
    "isActive" : true,
    "isOptional" : false,
    "propertiesMetadata" : {
      "metadata" : { }
    },
    "parametersMetadata" : {
      "metadata" : { }
    },
    "requiredDependencies" : [ ],
    "processedAfter" : [ ]
  }, {
    "majorSchemaVersion" : 3,
    "name" : "loyalty-rewards-destination-service",
    "type" : "org.cloudfoundry.managed-service",
    "properties" : { },
    "parameters" : {
      "generated-password" : "********",
      "service-name" : "loyalty-rewards-destination-service",
      "service-plan" : "lite",
      "service" : "destination",
      "generated-user" : "********",
      "default-xsappname" : "loyalty-rewards-destination-service",
      "type" : "managed-service",
      "config" : {
        "HTML5Runtime_enabled" : false,
        "init_data" : {
          "instance" : {
            "destinations" : [ {
              "Authentication" : "********",
              "Name" : "ui5",
              "ProxyType" : "Internet",
              "Type" : "HTTP",
              "URL" : "https://ui5.sap.com"
            } ],
            "existing_destinations_policy" : "update"
          }
        },
        "version" : "1.0.0"
      },
      "default-service-name" : "loyalty-rewards-destination-service",
      "default-container-name" : "9231C958TRIAL_DEV_LOYALTY_REWARDS_DESTINATION_SERVICE"
    },
    "isActive" : true,
    "isOptional" : false,
    "propertiesMetadata" : {
      "metadata" : { }
    },
    "parametersMetadata" : {
      "metadata" : { }
    },
    "requiredDependencies" : [ ],
    "processedAfter" : [ ]
  } ],
  "parameters" : {
    "deploy_mode" : "html5-repo",
    "mta-id" : "loyalty-rewards",
    "authorization-url" : "********",
    "org-guid" : "63335efc-dd3c-4a4f-8ecb-707a0e17e6db",
    "org" : "9231c958trial",
    "deploy-target" : "9231c958trial dev",
    "enable-parallel-deployments" : true,
    "region-primary-domain" : "us10.hana.ondemand.com",
    "space" : "dev",
    "region-domain" : "us10-001.hana.ondemand.com",
    "xs-api-url" : "https://api.cf.us10-001.hana.ondemand.com",
    "deploy-url" : "deploy-service.cfapps.us10-001.hana.ondemand.com",
    "xs-type" : "CF",
    "default-domain" : "cfapps.us10-001.hana.ondemand.com",
    "mta-version" : "1.0.0",
    "xs-auth-url" : "********",
    "space-guid" : "2f8af6dc-e97b-487c-9ee9-8b1bb9eeccbd",
    "user" : "********",
    "controller-url" : "https://api.cf.us10-001.hana.ondemand.com",
    "timestamp" : "20260814080717"
  },
  "parametersMetadata" : {
    "metadata" : { }
  }
}#
#2026 08 14 08:07:37.222#Z#DEBUG#2a9679fe-97b7-11f1-91c3-eeee0a9f1a4c.OPERATION#flowable-async-job-executor-thread-29069#
[ProcessDescriptorStep] Merged descriptor properties and parameters resolved#
#2026 08 14 08:07:37.222#Z#DEBUG#2a9679fe-97b7-11f1-91c3-eeee0a9f1a4c.OPERATION#flowable-async-job-executor-thread-29069#
Step "Re-Process Descriptor Step" finished#
#2026 08 14 08:07:37.249#Z#DEBUG#2a9679fe-97b7-11f1-91c3-eeee0a9f1a4c.OPERATION#flowable-async-job-executor-thread-29069#
[BuildApplicationDeployModelStep] Executing task "buildApplicationDeployModelTask" of process "364f6d64-97b7-11f1-b71a-eeee0a862d34"...#
#2026 08 14 08:07:37.251#Z#DEBUG#2a9679fe-97b7-11f1-91c3-eeee0a9f1a4c.OPERATION#flowable-async-job-executor-thread-29069#
[BuildApplicationDeployModelStep] Building cloud deployment model for application "loyalty-rewards"...#
#2026 08 14 08:07:37.255#Z#DEBUG#2a9679fe-97b7-11f1-91c3-eeee0a9f1a4c.OPERATION#flowable-async-job-executor-thread-29069#
[BuildApplicationDeployModelStep] Getting routes for application "d3e0f941-7b61-4f8d-974e-4f6f681f7d80"...#
#2026 08 14 08:07:37.290#Z#DEBUG#2a9679fe-97b7-11f1-91c3-eeee0a9f1a4c.OPERATION#flowable-async-job-executor-thread-29069#
[BuildApplicationDeployModelStep] No health-check-type is specified. Setting default type: port#
#2026 08 14 08:07:37.290#Z#INFO#2a9679fe-97b7-11f1-91c3-eeee0a9f1a4c.OPERATION#flowable-async-job-executor-thread-29069#
[BuildApplicationDeployModelStep] Building configuration entries for org 9231c958trial, space dev, spaceId 2f8af6dc-e97b-487c-9ee9-8b1bb9eeccbd and namespace null!#
#2026 08 14 08:07:37.291#Z#DEBUG#2a9679fe-97b7-11f1-91c3-eeee0a9f1a4c.OPERATION#flowable-async-job-executor-thread-29069#
[BuildApplicationDeployModelStep] Configuration entries to publish: [ ]#
#2026 08 14 08:07:37.291#Z#DEBUG#2a9679fe-97b7-11f1-91c3-eeee0a9f1a4c.OPERATION#flowable-async-job-executor-thread-29069#
[BuildApplicationDeployModelStep] Cloud deployment model for application built#
#2026 08 14 08:07:37.291#Z#DEBUG#2a9679fe-97b7-11f1-91c3-eeee0a9f1a4c.OPERATION#flowable-async-job-executor-thread-29069#
Step "Build Application Deploy Model" finished#
#2026 08 14 08:07:37.325#Z#DEBUG#2a9679fe-97b7-11f1-91c3-eeee0a9f1a4c.OPERATION#flowable-async-job-executor-thread-29069#
[CreateOrUpdateAppStep] Executing task "createAppTask" of process "364f6d64-97b7-11f1-b71a-eeee0a862d34"...#
#2026 08 14 08:07:37.327#Z#DEBUG#2a9679fe-97b7-11f1-91c3-eeee0a9f1a4c.OPERATION#flowable-async-job-executor-thread-29069#
[CreateOrUpdateAppStep] Getting application "loyalty-rewards"...#
#2026 08 14 08:07:37.349#Z#INFO#2a9679fe-97b7-11f1-91c3-eeee0a9f1a4c.OPERATION#flowable-async-job-executor-thread-29069#
[CreateOrUpdateAppStep] Updating application "loyalty-rewards"...#
#2026 08 14 08:07:37.356#Z#DEBUG#2a9679fe-97b7-11f1-91c3-eeee0a9f1a4c.OPERATION#flowable-async-job-executor-thread-29069#
[CreateOrUpdateAppStep] Getting process for application "d3e0f941-7b61-4f8d-974e-4f6f681f7d80"...#
#2026 08 14 08:07:37.388#Z#DEBUG#2a9679fe-97b7-11f1-91c3-eeee0a9f1a4c.OPERATION#flowable-async-job-executor-thread-29069#
[CreateOrUpdateAppStep] Getting routes for application "d3e0f941-7b61-4f8d-974e-4f6f681f7d80"...#
#2026 08 14 08:07:37.422#Z#DEBUG#2a9679fe-97b7-11f1-91c3-eeee0a9f1a4c.OPERATION#flowable-async-job-executor-thread-29069#
[CreateOrUpdateAppStep] Getting features for application "d3e0f941-7b61-4f8d-974e-4f6f681f7d80"#
#2026 08 14 08:07:37.447#Z#DEBUG#2a9679fe-97b7-11f1-91c3-eeee0a9f1a4c.OPERATION#flowable-async-job-executor-thread-29069#
[CreateOrUpdateAppStep] Updating staging of application "loyalty-rewards" to: {
  "buildpacks" : [ ],
  "healthCheckType" : "port",
  "appFeatures" : { }
}#
#2026 08 14 08:07:37.650#Z#DEBUG#2a9679fe-97b7-11f1-91c3-eeee0a9f1a4c.OPERATION#flowable-async-job-executor-thread-29069#
[CreateOrUpdateAppStep] Application "loyalty-rewards" updated#
#2026 08 14 08:07:37.650#Z#DEBUG#2a9679fe-97b7-11f1-91c3-eeee0a9f1a4c.OPERATION#flowable-async-job-executor-thread-29069#
[CreateOrUpdateAppStep] Getting environment of application "d3e0f941-7b61-4f8d-974e-4f6f681f7d80"...#
#2026 08 14 08:07:37.718#Z#DEBUG#2a9679fe-97b7-11f1-91c3-eeee0a9f1a4c.OPERATION#flowable-async-job-executor-thread-29069#
[CreateOrUpdateAppStep] Application "loyalty-rewards" updated#
#2026 08 14 08:07:37.718#Z#DEBUG#2a9679fe-97b7-11f1-91c3-eeee0a9f1a4c.OPERATION#flowable-async-job-executor-thread-29069#
Step "Create App" finished#
#2026 08 14 08:07:37.807#Z#DEBUG#2a9679fe-97b7-11f1-91c3-eeee0a9f1a4c.OPERATION#flowable-async-job-executor-thread-29069#
[CheckServiceBindingOperationStep] Executing task "checkForServiceBindingOperationInProgress" of process "36b310c6-97b7-11f1-b71a-eeee0a862d34"...#
#2026 08 14 08:07:37.807#Z#DEBUG#2a9679fe-97b7-11f1-91c3-eeee0a9f1a4c.OPERATION#flowable-async-job-executor-thread-29069#
[CheckServiceBindingOperationStep] Checking for service binding operation in progress between app "loyalty-rewards" and service instance "loyalty-rewards-auth"#
#2026 08 14 08:07:37.808#Z#DEBUG#2a9679fe-97b7-11f1-91c3-eeee0a9f1a4c.OPERATION#flowable-async-job-executor-thread-29069#
[CheckServiceBindingOperationStep] Getting application guid "loyalty-rewards"...#
#2026 08 14 08:07:37.838#Z#DEBUG#2a9679fe-97b7-11f1-91c3-eeee0a9f1a4c.OPERATION#flowable-async-job-executor-thread-29069#
[CheckServiceBindingOperationStep] Getting GUID of required service instance "loyalty-rewards-auth"...#
#2026 08 14 08:07:37.867#Z#DEBUG#2a9679fe-97b7-11f1-91c3-eeee0a9f1a4c.OPERATION#flowable-async-job-executor-thread-29069#
[CheckServiceBindingOperationStep] Getting binding of service instance "d9517d36-f848-437e-b17d-7a592ba1d65c" with application "d3e0f941-7b61-4f8d-974e-4f6f681f7d80"...#
#2026 08 14 08:07:37.900#Z#DEBUG#2a9679fe-97b7-11f1-91c3-eeee0a9f1a4c.OPERATION#flowable-async-job-executor-thread-29069#
[CheckServiceBindingOperationStep] Service binding operation "15914993-dc84-46ca-a98b-a28e5d2f6948" with type "create" is in state "succeeded"#
#2026 08 14 08:07:37.900#Z#DEBUG#2a9679fe-97b7-11f1-91c3-eeee0a9f1a4c.OPERATION#flowable-async-job-executor-thread-29069#
Step "Check For Service Binding Operation In Progress" finished#
#2026 08 14 08:07:37.927#Z#DEBUG#2a9679fe-97b7-11f1-91c3-eeee0a9f1a4c.OPERATION#flowable-async-job-executor-thread-29069#
[DetermineApplicationServiceBindingActionsStep] Executing task "determineApplicationServiceBindingActionsTask" of process "36b310c6-97b7-11f1-b71a-eeee0a862d34"...#
#2026 08 14 08:07:37.928#Z#DEBUG#2a9679fe-97b7-11f1-91c3-eeee0a9f1a4c.OPERATION#flowable-async-job-executor-thread-29069#
[DetermineApplicationServiceBindingActionsStep] Determine bind/unbind operations of application "loyalty-rewards" to service instance "loyalty-rewards-auth"#
#2026 08 14 08:07:37.928#Z#DEBUG#2a9679fe-97b7-11f1-91c3-eeee0a9f1a4c.OPERATION#flowable-async-job-executor-thread-29069#
[DetermineApplicationServiceBindingActionsStep] Getting application "loyalty-rewards"...#
#2026 08 14 08:07:37.959#Z#DEBUG#2a9679fe-97b7-11f1-91c3-eeee0a9f1a4c.OPERATION#flowable-async-job-executor-thread-29069#
[DetermineApplicationServiceBindingActionsStep] Binding parameters for application "loyalty-rewards": { }#
#2026 08 14 08:07:37.990#Z#DEBUG#2a9679fe-97b7-11f1-91c3-eeee0a9f1a4c.OPERATION#flowable-async-job-executor-thread-29069#
[DetermineApplicationServiceBindingActionsStep] Check should rebind application "loyalty-rewards" and service instance "loyalty-rewards-auth"#
#2026 08 14 08:07:37.990#Z#DEBUG#2a9679fe-97b7-11f1-91c3-eeee0a9f1a4c.OPERATION#flowable-async-job-executor-thread-29069#
[DetermineApplicationServiceBindingActionsStep] Getting GUID of required service instance "loyalty-rewards-auth"...#
#2026 08 14 08:07:38.025#Z#DEBUG#2a9679fe-97b7-11f1-91c3-eeee0a9f1a4c.OPERATION#flowable-async-job-executor-thread-29069#
[DetermineApplicationServiceBindingActionsStep] Getting binding of service instance "d9517d36-f848-437e-b17d-7a592ba1d65c" with application "d3e0f941-7b61-4f8d-974e-4f6f681f7d80"...#
#2026 08 14 08:07:38.058#Z#DEBUG#2a9679fe-97b7-11f1-91c3-eeee0a9f1a4c.OPERATION#flowable-async-job-executor-thread-29069#
[DetermineApplicationServiceBindingActionsStep] Getting parameters of service binding "15914993-dc84-46ca-a98b-a28e5d2f6948"...#
#2026 08 14 08:07:38.088#Z#WARN#2a9679fe-97b7-11f1-91c3-eeee0a9f1a4c.OPERATION#flowable-async-job-executor-thread-29069#
[DetermineApplicationServiceBindingActionsStep] Cannot retrieve parameters of binding between application "loyalty-rewards" and service instance "loyalty-rewards-auth"#
#2026 08 14 08:07:38.090#Z#DEBUG#2a9679fe-97b7-11f1-91c3-eeee0a9f1a4c.OPERATION#flowable-async-job-executor-thread-29069#
[DetermineApplicationServiceBindingActionsStep] Calculated binding operations between application "loyalty-rewards" and service instance "loyalty-rewards-auth": unbind - true bind - true#
#2026 08 14 08:07:38.090#Z#DEBUG#2a9679fe-97b7-11f1-91c3-eeee0a9f1a4c.OPERATION#flowable-async-job-executor-thread-29069#
Step "Determine Application Service Binding Actions" finished#
#2026 08 14 08:07:38.123#Z#DEBUG#2a9679fe-97b7-11f1-91c3-eeee0a9f1a4c.OPERATION#flowable-async-job-executor-thread-29069#
[UnbindServiceFromApplicationStep] Executing task "unbindServiceFromApplicationTask" of process "36b310c6-97b7-11f1-b71a-eeee0a862d34"...#
#2026 08 14 08:07:38.125#Z#INFO#2a9679fe-97b7-11f1-91c3-eeee0a9f1a4c.OPERATION#flowable-async-job-executor-thread-29069#
[UnbindServiceFromApplicationStep] Unbinding service instance "loyalty-rewards-auth" from application "loyalty-rewards"...#
#2026 08 14 08:07:38.129#Z#DEBUG#2a9679fe-97b7-11f1-91c3-eeee0a9f1a4c.OPERATION#flowable-async-job-executor-thread-29069#
[UnbindServiceFromApplicationStep] Unbinding application "loyalty-rewards" from service instance "loyalty-rewards-auth"...#
#2026 08 14 08:07:38.273#Z#DEBUG#2a9679fe-97b7-11f1-91c3-eeee0a9f1a4c.OPERATION#flowable-async-job-executor-thread-29069#
Step "Unbind Service from Application" finished#
#2026 08 14 08:07:40.165#Z#DEBUG#2a9679fe-97b7-11f1-91c3-eeee0a9f1a4c.OPERATION#flowable-async-job-executor-thread-16297#
[CheckServiceBindingOperationStep] Executing task "checkForServiceBindingOperationInProgress" of process "3819a4d6-97b7-11f1-91c3-eeee0a9f1a4c"...#
#2026 08 14 08:07:40.165#Z#DEBUG#2a9679fe-97b7-11f1-91c3-eeee0a9f1a4c.OPERATION#flowable-async-job-executor-thread-16297#
[CheckServiceBindingOperationStep] Checking for service binding operation in progress between app "loyalty-rewards" and service instance "loyalty-rewards-html5-runtime"#
#2026 08 14 08:07:40.166#Z#DEBUG#2a9679fe-97b7-11f1-91c3-eeee0a9f1a4c.OPERATION#flowable-async-job-executor-thread-16297#
[CheckServiceBindingOperationStep] Getting application guid "loyalty-rewards"...#
#2026 08 14 08:07:40.199#Z#DEBUG#2a9679fe-97b7-11f1-91c3-eeee0a9f1a4c.OPERATION#flowable-async-job-executor-thread-16297#
[CheckServiceBindingOperationStep] Getting GUID of required service instance "loyalty-rewards-html5-runtime"...#
#2026 08 14 08:07:40.230#Z#DEBUG#2a9679fe-97b7-11f1-91c3-eeee0a9f1a4c.OPERATION#flowable-async-job-executor-thread-16297#
[CheckServiceBindingOperationStep] Getting binding of service instance "63f868e3-a963-4eca-b258-ec6e46d3f824" with application "d3e0f941-7b61-4f8d-974e-4f6f681f7d80"...#
#2026 08 14 08:07:40.263#Z#DEBUG#2a9679fe-97b7-11f1-91c3-eeee0a9f1a4c.OPERATION#flowable-async-job-executor-thread-16297#
[CheckServiceBindingOperationStep] Service binding operation "5751e759-8139-49f2-b898-f9bbbc742212" with type "create" is in state "succeeded"#
#2026 08 14 08:07:40.263#Z#DEBUG#2a9679fe-97b7-11f1-91c3-eeee0a9f1a4c.OPERATION#flowable-async-job-executor-thread-16297#
Step "Check For Service Binding Operation In Progress" finished#
#2026 08 14 08:07:40.248#Z#DEBUG#2a9679fe-97b7-11f1-91c3-eeee0a9f1a4c.OPERATION#flowable-async-job-executor-thread-16298#
[ProcessDescriptorStep] Executing task "reprocessDescriptorTask" of process "38205c3c-97b7-11f1-91c3-eeee0a9f1a4c"...#
#2026 08 14 08:07:40.249#Z#DEBUG#2a9679fe-97b7-11f1-91c3-eeee0a9f1a4c.OPERATION#flowable-async-job-executor-thread-16298#
[ProcessDescriptorStep] Resolving properties and parameters in merged descriptor...#
#2026 08 14 08:07:40.253#Z#DEBUG#2a9679fe-97b7-11f1-91c3-eeee0a9f1a4c.OPERATION#flowable-async-job-executor-thread-16298#
[ProcessDescriptorStep] Subscriptions: [ ]#
#2026 08 14 08:07:40.260#Z#DEBUG#2a9679fe-97b7-11f1-91c3-eeee0a9f1a4c.OPERATION#flowable-async-job-executor-thread-16298#
[ProcessDescriptorStep] MTA modules: [loyalty-rewards-srv, loyalty-rewards-app-deployer, loyalty-rewards-db-deployer, loyalty-rewards]#
#2026 08 14 08:07:40.264#Z#DEBUG#2a9679fe-97b7-11f1-91c3-eeee0a9f1a4c.OPERATION#flowable-async-job-executor-thread-16298#
[ProcessDescriptorStep] Resolved deployment descriptor: {
  "majorSchemaVersion" : 3,
  "schemaVersion" : "3.3.0",
  "id" : "loyalty-rewards",
  "version" : "1.0.0",
  "modules" : [ {
    "majorSchemaVersion" : 3,
    "name" : "loyalty-rewards-srv",
    "type" : "javascript.nodejs",
    "path" : "loyalty-rewards-srv",
    "properties" : { },
    "parameters" : {
      "default-url" : "https://9231c958trial-dev-loyalty-rewards-srv.cfapps.us10-001.hana.ondemand.com",
      "default-app-name" : "loyalty-rewards-srv",
      "generated-password" : "********",
      "default-live-url" : "https://9231c958trial-dev-loyalty-rewards-srv.cfapps.us10-001.hana.ondemand.com",
      "default-uri" : "9231c958trial-dev-loyalty-rewards-srv.cfapps.us10-001.hana.ondemand.com",
      "default-instances" : 1,
      "default-live-host" : "9231c958trial-dev-loyalty-rewards-srv",
      "instances" : 1,
      "buildpack" : "nodejs_buildpack",
      "default-host" : "9231c958trial-dev-loyalty-rewards-srv",
      "app-name" : "loyalty-rewards-srv",
      "default-live-uri" : "9231c958trial-dev-loyalty-rewards-srv.cfapps.us10-001.hana.ondemand.com",
      "protocol" : "https",
      "default-live-app-name" : "loyalty-rewards-srv",
      "default-live-domain" : "cfapps.us10-001.hana.ondemand.com",
      "domain" : "cfapps.us10-001.hana.ondemand.com",
      "host" : "9231c958trial-dev-loyalty-rewards-srv",
      "generated-user" : "********"
    },
    "requiredDependencies" : [ {
      "majorSchemaVersion" : 3,
      "name" : "********",
      "properties" : { },
      "parameters" : { },
      "propertiesMetadata" : {
        "metadata" : { }
      },
      "parametersMetadata" : {
        "metadata" : { }
      }
    }, {
      "majorSchemaVersion" : 3,
      "name" : "loyalty-rewards-db",
      "properties" : { },
      "parameters" : { },
      "propertiesMetadata" : {
        "metadata" : { }
      },
      "parametersMetadata" : {
        "metadata" : { }
      }
    } ],
    "providedDependencies" : [ {
      "majorSchemaVersion" : 3,
      "name" : "srv-api",
      "isPublic" : false,
      "properties" : {
        "srv-url" : "https://9231c958trial-dev-loyalty-rewards-srv.cfapps.us10-001.hana.ondemand.com"
      },
      "parameters" : { },
      "propertiesMetadata" : {
        "metadata" : { }
      },
      "parametersMetadata" : {
        "metadata" : { }
      }
    }, {
      "majorSchemaVersion" : 3,
      "name" : "loyalty-rewards-srv",
      "isPublic" : false,
      "properties" : { },
      "parameters" : { },
      "propertiesMetadata" : {
        "metadata" : { }
      },
      "parametersMetadata" : {
        "metadata" : { }
      }
    } ],
    "propertiesMetadata" : {
      "metadata" : { }
    },
    "parametersMetadata" : {
      "metadata" : { }
    },
    "hooks" : [ ]
  }, {
    "majorSchemaVersion" : 3,
    "name" : "loyalty-rewards-db-deployer",
    "type" : "com.sap.xs.hdi",
    "path" : "loyalty-rewards-db-deployer",
    "properties" : {
      "EXIT" : 1
    },
    "parameters" : {
      "default-url" : "https://9231c958trial-dev-loyalty-rewards-db-deployer.cfapps.us10-001.hana.ondemand.com",
      "default-app-name" : "loyalty-rewards-db-deployer",
      "generated-password" : "********",
      "default-live-url" : "https://9231c958trial-dev-loyalty-rewards-db-deployer.cfapps.us10-001.hana.ondemand.com",
      "default-uri" : "9231c958trial-dev-loyalty-rewards-db-deployer.cfapps.us10-001.hana.ondemand.com",
      "memory" : "256M",
      "default-instances" : 1,
      "no-route" : true,
      "default-live-host" : "9231c958trial-dev-loyalty-rewards-db-deployer",
      "instances" : 1,
      "buildpack" : "nodejs_buildpack",
      "default-host" : "9231c958trial-dev-loyalty-rewards-db-deployer",
      "app-name" : "loyalty-rewards-db-deployer",
      "default-live-uri" : "9231c958trial-dev-loyalty-rewards-db-deployer.cfapps.us10-001.hana.ondemand.com",
      "protocol" : "https",
      "default-live-app-name" : "loyalty-rewards-db-deployer",
      "default-live-domain" : "cfapps.us10-001.hana.ondemand.com",
      "dependency-type" : "hard",
      "domain" : "cfapps.us10-001.hana.ondemand.com",
      "host" : "9231c958trial-dev-loyalty-rewards-db-deployer",
      "generated-user" : "********",
      "tasks" : [ {
        "command" : "npm start",
        "memory" : "256M",
        "name" : "deploy"
      } ],
      "no-start" : true
    },
    "requiredDependencies" : [ {
      "majorSchemaVersion" : 3,
      "name" : "loyalty-rewards-db",
      "properties" : { },
      "parameters" : { },
      "propertiesMetadata" : {
        "metadata" : { }
      },
      "parametersMetadata" : {
        "metadata" : { }
      }
    } ],
    "providedDependencies" : [ {
      "majorSchemaVersion" : 3,
      "name" : "loyalty-rewards-db-deployer",
      "isPublic" : false,
      "properties" : { },
      "parameters" : { },
      "propertiesMetadata" : {
        "metadata" : { }
      },
      "parametersMetadata" : {
        "metadata" : { }
      }
    } ],
    "propertiesMetadata" : {
      "metadata" : { }
    },
    "parametersMetadata" : {
      "metadata" : { }
    },
    "hooks" : [ ]
  }, {
    "majorSchemaVersion" : 3,
    "name" : "loyalty-rewards",
    "type" : "javascript.nodejs",
    "path" : "loyalty-rewards",
    "properties" : { },
    "parameters" : {
      "default-url" : "https://9231c958trial-dev-loyalty-rewards.cfapps.us10-001.hana.ondemand.com",
      "default-app-name" : "loyalty-rewards",
      "generated-password" : "********",
      "default-live-url" : "https://9231c958trial-dev-loyalty-rewards.cfapps.us10-001.hana.ondemand.com",
      "default-uri" : "9231c958trial-dev-loyalty-rewards.cfapps.us10-001.hana.ondemand.com",
      "memory" : "256M",
      "default-instances" : 1,
      "default-live-host" : "9231c958trial-dev-loyalty-rewards",
      "instances" : 1,
      "default-host" : "9231c958trial-dev-loyalty-rewards",
      "keep-existing-routes" : true,
      "app-name" : "loyalty-rewards",
      "default-live-uri" : "9231c958trial-dev-loyalty-rewards.cfapps.us10-001.hana.ondemand.com",
      "protocol" : "https",
      "default-live-app-name" : "loyalty-rewards",
      "default-live-domain" : "cfapps.us10-001.hana.ondemand.com",
      "disk-quota" : "256M",
      "domain" : "cfapps.us10-001.hana.ondemand.com",
      "host" : "9231c958trial-dev-loyalty-rewards",
      "generated-user" : "********"
    },
    "requiredDependencies" : [ {
      "majorSchemaVersion" : 3,
      "name" : "srv-api",
      "group" : "destinations",
      "properties" : {
        "name" : "srv-api",
        "forwardAuthToken" : "********",
        "url" : "https://9231c958trial-dev-loyalty-rewards-srv.cfapps.us10-001.hana.ondemand.com"
      },
      "parameters" : { },
      "propertiesMetadata" : {
        "metadata" : { }
      },
      "parametersMetadata" : {
        "metadata" : { }
      }
    }, {
      "majorSchemaVersion" : 3,
      "name" : "********",
      "properties" : { },
      "parameters" : { },
      "propertiesMetadata" : {
        "metadata" : { }
      },
      "parametersMetadata" : {
        "metadata" : { }
      }
    }, {
      "majorSchemaVersion" : 3,
      "name" : "loyalty-rewards-html5-runtime",
      "properties" : { },
      "parameters" : { },
      "propertiesMetadata" : {
        "metadata" : { }
      },
      "parametersMetadata" : {
        "metadata" : { }
      }
    }, {
      "majorSchemaVersion" : 3,
      "name" : "loyalty-rewards-destination-service",
      "group" : "destinations",
      "properties" : {
        "name" : "ui5",
        "forwardAuthToken" : "********",
        "url" : "https://ui5.sap.com"
      },
      "parameters" : { },
      "propertiesMetadata" : {
        "metadata" : { }
      },
      "parametersMetadata" : {
        "metadata" : { }
      }
    } ],
    "providedDependencies" : [ {
      "majorSchemaVersion" : 3,
      "name" : "app-api",
      "isPublic" : false,
      "properties" : {
        "app-protocol" : "https",
        "app-uri" : "9231c958trial-dev-loyalty-rewards.cfapps.us10-001.hana.ondemand.com"
      },
      "parameters" : { },
      "propertiesMetadata" : {
        "metadata" : { }
      },
      "parametersMetadata" : {
        "metadata" : { }
      }
    }, {
      "majorSchemaVersion" : 3,
      "name" : "loyalty-rewards",
      "isPublic" : false,
      "properties" : { },
      "parameters" : { },
      "propertiesMetadata" : {
        "metadata" : { }
      },
      "parametersMetadata" : {
        "metadata" : { }
      }
    } ],
    "propertiesMetadata" : {
      "metadata" : { }
    },
    "parametersMetadata" : {
      "metadata" : { }
    },
    "hooks" : [ ]
  }, {
    "majorSchemaVersion" : 3,
    "name" : "loyalty-rewards-app-deployer",
    "type" : "com.sap.application.content",
    "path" : "loyalty-rewards-app-deployer",
    "properties" : { },
    "parameters" : {
      "default-url" : "https://9231c958trial-dev-loyalty-rewards-app-deployer.cfapps.us10-001.hana.ondemand.com",
      "default-app-name" : "loyalty-rewards-app-deployer",
      "generated-password" : "********",
      "default-live-url" : "https://9231c958trial-dev-loyalty-rewards-app-deployer.cfapps.us10-001.hana.ondemand.com",
      "default-uri" : "9231c958trial-dev-loyalty-rewards-app-deployer.cfapps.us10-001.hana.ondemand.com",
      "default-instances" : 1,
      "default-live-host" : "9231c958trial-dev-loyalty-rewards-app-deployer",
      "instances" : 1,
      "default-host" : "9231c958trial-dev-loyalty-rewards-app-deployer",
      "app-name" : "loyalty-rewards-app-deployer",
      "default-live-uri" : "9231c958trial-dev-loyalty-rewards-app-deployer.cfapps.us10-001.hana.ondemand.com",
      "protocol" : "https",
      "default-live-app-name" : "loyalty-rewards-app-deployer",
      "default-live-domain" : "cfapps.us10-001.hana.ondemand.com",
      "domain" : "cfapps.us10-001.hana.ondemand.com",
      "host" : "9231c958trial-dev-loyalty-rewards-app-deployer",
      "generated-user" : "********"
    },
    "requiredDependencies" : [ {
      "majorSchemaVersion" : 3,
      "name" : "********",
      "properties" : { },
      "parameters" : { },
      "propertiesMetadata" : {
        "metadata" : { }
      },
      "parametersMetadata" : {
        "metadata" : { }
      }
    }, {
      "majorSchemaVersion" : 3,
      "name" : "srv-api",
      "properties" : { },
      "parameters" : { },
      "propertiesMetadata" : {
        "metadata" : { }
      },
      "parametersMetadata" : {
        "metadata" : { }
      }
    }, {
      "majorSchemaVersion" : 3,
      "name" : "loyalty-rewards-html5-repo-host",
      "properties" : { },
      "parameters" : {
        "config" : {
          "HTML5Runtime_enabled" : true
        },
        "content-target" : true
      },
      "propertiesMetadata" : {
        "metadata" : { }
      },
      "parametersMetadata" : {
        "metadata" : { }
      }
    } ],
    "providedDependencies" : [ {
      "majorSchemaVersion" : 3,
      "name" : "loyalty-rewards-app-deployer",
      "isPublic" : false,
      "properties" : { },
      "parameters" : { },
      "propertiesMetadata" : {
        "metadata" : { }
      },
      "parametersMetadata" : {
        "metadata" : { }
      }
    } ],
    "propertiesMetadata" : {
      "metadata" : { }
    },
    "parametersMetadata" : {
      "metadata" : { }
    },
    "hooks" : [ ]
  } ],
  "resources" : [ {
    "majorSchemaVersion" : 3,
    "name" : "********",
    "type" : "org.cloudfoundry.managed-service",
    "properties" : { },
    "parameters" : {
      "generated-password" : "********",
      "path" : "./xs-security.json",
      "service-name" : "********",
      "service-plan" : "application",
      "service" : "xsuaa",
      "generated-user" : "********",
      "default-xsappname" : "********",
      "type" : "managed-service",
      "config" : {
        "oauth2-configuration" : "********",
        "role-collections" : [ {
          "description" : "generated",
          "name" : "admin (loyalty-rewards 9231c958trial-dev)",
          "role-template-references" : [ "$XSAPPNAME.admin" ]
        }, {
          "description" : "generated",
          "name" : "staff (loyalty-rewards 9231c958trial-dev)",
          "role-template-references" : [ "$XSAPPNAME.staff" ]
        }, {
          "description" : "generated",
          "name" : "customer (loyalty-rewards 9231c958trial-dev)",
          "role-template-references" : [ "$XSAPPNAME.customer" ]
        }, {
          "description" : "generated",
          "name" : "********",
          "role-template-references" : [ "********" ]
        } ],
        "tenant-mode" : "dedicated",
        "xsappname" : "loyalty-rewards-9231c958trial-dev"
      },
      "default-service-name" : "********",
      "default-container-name" : "********"
    },
    "isActive" : true,
    "isOptional" : false,
    "propertiesMetadata" : {
      "metadata" : { }
    },
    "parametersMetadata" : {
      "metadata" : { }
    },
    "requiredDependencies" : [ {
      "majorSchemaVersion" : 3,
      "name" : "app-api",
      "properties" : { },
      "parameters" : { },
      "propertiesMetadata" : {
        "metadata" : { }
      },
      "parametersMetadata" : {
        "metadata" : { }
      }
    } ],
    "processedAfter" : [ ]
  }, {
    "majorSchemaVersion" : 3,
    "name" : "loyalty-rewards-db",
    "type" : "com.sap.xs.hdi-container",
    "properties" : { },
    "parameters" : {
      "generated-password" : "********",
      "service-name" : "loyalty-rewards-db",
      "service-plan" : "hdi-shared",
      "service" : "hana",
      "generated-user" : "********",
      "default-xsappname" : "loyalty-rewards-db",
      "type" : "managed-service",
      "default-service-name" : "loyalty-rewards-db",
      "default-container-name" : "9231C958TRIAL_DEV_LOYALTY_REWARDS_DB"
    },
    "isActive" : true,
    "isOptional" : false,
    "propertiesMetadata" : {
      "metadata" : { }
    },
    "parametersMetadata" : {
      "metadata" : { }
    },
    "requiredDependencies" : [ ],
    "processedAfter" : [ ]
  }, {
    "majorSchemaVersion" : 3,
    "name" : "loyalty-rewards-html5-repo-host",
    "type" : "org.cloudfoundry.managed-service",
    "properties" : { },
    "parameters" : {
      "generated-password" : "********",
      "service-name" : "loyalty-rewards-html5-repo-host",
      "service-plan" : "app-host",
      "service" : "html5-apps-repo",
      "generated-user" : "********",
      "default-xsappname" : "loyalty-rewards-html5-repo-host",
      "type" : "managed-service",
      "default-service-name" : "loyalty-rewards-html5-repo-host",
      "default-container-name" : "9231C958TRIAL_DEV_LOYALTY_REWARDS_HTML5_REPO_HOST"
    },
    "isActive" : true,
    "isOptional" : false,
    "propertiesMetadata" : {
      "metadata" : { }
    },
    "parametersMetadata" : {
      "metadata" : { }
    },
    "requiredDependencies" : [ ],
    "processedAfter" : [ ]
  }, {
    "majorSchemaVersion" : 3,
    "name" : "loyalty-rewards-html5-runtime",
    "type" : "org.cloudfoundry.managed-service",
    "properties" : { },
    "parameters" : {
      "generated-password" : "********",
      "service-name" : "loyalty-rewards-html5-runtime",
      "service-plan" : "app-runtime",
      "service" : "html5-apps-repo",
      "generated-user" : "********",
      "default-xsappname" : "loyalty-rewards-html5-runtime",
      "type" : "managed-service",
      "default-service-name" : "loyalty-rewards-html5-runtime",
      "default-container-name" : "9231C958TRIAL_DEV_LOYALTY_REWARDS_HTML5_RUNTIME"
    },
    "isActive" : true,
    "isOptional" : false,
    "propertiesMetadata" : {
      "metadata" : { }
    },
    "parametersMetadata" : {
      "metadata" : { }
    },
    "requiredDependencies" : [ ],
    "processedAfter" : [ ]
  }, {
    "majorSchemaVersion" : 3,
    "name" : "loyalty-rewards-destination-service",
    "type" : "org.cloudfoundry.managed-service",
    "properties" : { },
    "parameters" : {
      "generated-password" : "********",
      "service-name" : "loyalty-rewards-destination-service",
      "service-plan" : "lite",
      "service" : "destination",
      "generated-user" : "********",
      "default-xsappname" : "loyalty-rewards-destination-service",
      "type" : "managed-service",
      "config" : {
        "HTML5Runtime_enabled" : false,
        "init_data" : {
          "instance" : {
            "destinations" : [ {
              "Authentication" : "********",
              "Name" : "ui5",
              "ProxyType" : "Internet",
              "Type" : "HTTP",
              "URL" : "https://ui5.sap.com"
            } ],
            "existing_destinations_policy" : "update"
          }
        },
        "version" : "1.0.0"
      },
      "default-service-name" : "loyalty-rewards-destination-service",
      "default-container-name" : "9231C958TRIAL_DEV_LOYALTY_REWARDS_DESTINATION_SERVICE"
    },
    "isActive" : true,
    "isOptional" : false,
    "propertiesMetadata" : {
      "metadata" : { }
    },
    "parametersMetadata" : {
      "metadata" : { }
    },
    "requiredDependencies" : [ ],
    "processedAfter" : [ ]
  } ],
  "parameters" : {
    "deploy_mode" : "html5-repo",
    "mta-id" : "loyalty-rewards",
    "authorization-url" : "********",
    "org-guid" : "63335efc-dd3c-4a4f-8ecb-707a0e17e6db",
    "org" : "9231c958trial",
    "deploy-target" : "9231c958trial dev",
    "enable-parallel-deployments" : true,
    "region-primary-domain" : "us10.hana.ondemand.com",
    "space" : "dev",
    "region-domain" : "us10-001.hana.ondemand.com",
    "xs-api-url" : "https://api.cf.us10-001.hana.ondemand.com",
    "deploy-url" : "deploy-service.cfapps.us10-001.hana.ondemand.com",
    "xs-type" : "CF",
    "default-domain" : "cfapps.us10-001.hana.ondemand.com",
    "mta-version" : "1.0.0",
    "xs-auth-url" : "********",
    "space-guid" : "2f8af6dc-e97b-487c-9ee9-8b1bb9eeccbd",
    "user" : "********",
    "controller-url" : "https://api.cf.us10-001.hana.ondemand.com",
    "timestamp" : "20260814080717"
  },
  "parametersMetadata" : {
    "metadata" : { }
  }
}#
#2026 08 14 08:07:40.264#Z#DEBUG#2a9679fe-97b7-11f1-91c3-eeee0a9f1a4c.OPERATION#flowable-async-job-executor-thread-16298#
[ProcessDescriptorStep] Merged descriptor properties and parameters resolved#
#2026 08 14 08:07:40.264#Z#DEBUG#2a9679fe-97b7-11f1-91c3-eeee0a9f1a4c.OPERATION#flowable-async-job-executor-thread-16298#
Step "Re-Process Descriptor Step" finished#
#2026 08 14 08:07:40.302#Z#DEBUG#2a9679fe-97b7-11f1-91c3-eeee0a9f1a4c.OPERATION#flowable-async-job-executor-thread-16300#
[BuildApplicationDeployModelStep] Executing task "buildApplicationDeployModelTask" of process "38205c3c-97b7-11f1-91c3-eeee0a9f1a4c"...#
#2026 08 14 08:07:40.305#Z#DEBUG#2a9679fe-97b7-11f1-91c3-eeee0a9f1a4c.OPERATION#flowable-async-job-executor-thread-16300#
[BuildApplicationDeployModelStep] Building cloud deployment model for application "loyalty-rewards-db-deployer"...#
#2026 08 14 08:07:40.312#Z#DEBUG#2a9679fe-97b7-11f1-91c3-eeee0a9f1a4c.OPERATION#flowable-async-job-executor-thread-16300#
[BuildApplicationDeployModelStep] No health-check-type is specified. Setting default type: port#
#2026 08 14 08:07:40.312#Z#INFO#2a9679fe-97b7-11f1-91c3-eeee0a9f1a4c.OPERATION#flowable-async-job-executor-thread-16300#
[BuildApplicationDeployModelStep] Building configuration entries for org 9231c958trial, space dev, spaceId 2f8af6dc-e97b-487c-9ee9-8b1bb9eeccbd and namespace null!#
#2026 08 14 08:07:40.313#Z#DEBUG#2a9679fe-97b7-11f1-91c3-eeee0a9f1a4c.OPERATION#flowable-async-job-executor-thread-16300#
[BuildApplicationDeployModelStep] Configuration entries to publish: [ ]#
#2026 08 14 08:07:40.313#Z#DEBUG#2a9679fe-97b7-11f1-91c3-eeee0a9f1a4c.OPERATION#flowable-async-job-executor-thread-16300#
[BuildApplicationDeployModelStep] Cloud deployment model for application built#
#2026 08 14 08:07:40.313#Z#DEBUG#2a9679fe-97b7-11f1-91c3-eeee0a9f1a4c.OPERATION#flowable-async-job-executor-thread-16300#
Step "Build Application Deploy Model" finished#
#2026 08 14 08:07:40.247#Z#DEBUG#2a9679fe-97b7-11f1-91c3-eeee0a9f1a4c.OPERATION#flowable-async-job-executor-thread-14947#
[CheckServiceBindingOperationStep] Executing task "checkForServiceBindingOperationInProgress" of process "3825651b-97b7-11f1-9d40-eeee0a978ff2"...#
#2026 08 14 08:07:40.247#Z#DEBUG#2a9679fe-97b7-11f1-91c3-eeee0a9f1a4c.OPERATION#flowable-async-job-executor-thread-14947#
[CheckServiceBindingOperationStep] Checking for service binding operation in progress between app "loyalty-rewards" and service instance "loyalty-rewards-destination-service"#
#2026 08 14 08:07:40.248#Z#DEBUG#2a9679fe-97b7-11f1-91c3-eeee0a9f1a4c.OPERATION#flowable-async-job-executor-thread-14947#
[CheckServiceBindingOperationStep] Getting application guid "loyalty-rewards"...#
#2026 08 14 08:07:40.279#Z#DEBUG#2a9679fe-97b7-11f1-91c3-eeee0a9f1a4c.OPERATION#flowable-async-job-executor-thread-14947#
[CheckServiceBindingOperationStep] Getting GUID of required service instance "loyalty-rewards-destination-service"...#
#2026 08 14 08:07:40.318#Z#DEBUG#2a9679fe-97b7-11f1-91c3-eeee0a9f1a4c.OPERATION#flowable-async-job-executor-thread-14947#
[CheckServiceBindingOperationStep] Getting binding of service instance "e3d5e1b5-b075-462e-a96f-a8d3a9ea2ced" with application "d3e0f941-7b61-4f8d-974e-4f6f681f7d80"...#
#2026 08 14 08:07:40.351#Z#DEBUG#2a9679fe-97b7-11f1-91c3-eeee0a9f1a4c.OPERATION#flowable-async-job-executor-thread-14947#
[CheckServiceBindingOperationStep] Service binding operation "bdefa7cc-ba6a-4522-bbc9-951c09c303ff" with type "create" is in state "succeeded"#
#2026 08 14 08:07:40.351#Z#DEBUG#2a9679fe-97b7-11f1-91c3-eeee0a9f1a4c.OPERATION#flowable-async-job-executor-thread-14947#
Step "Check For Service Binding Operation In Progress" finished#
#2026 08 14 08:07:40.294#Z#DEBUG#2a9679fe-97b7-11f1-91c3-eeee0a9f1a4c.OPERATION#flowable-async-job-executor-thread-16299#
[DetermineApplicationServiceBindingActionsStep] Executing task "determineApplicationServiceBindingActionsTask" of process "3819a4d6-97b7-11f1-91c3-eeee0a9f1a4c"...#
#2026 08 14 08:07:40.298#Z#DEBUG#2a9679fe-97b7-11f1-91c3-eeee0a9f1a4c.OPERATION#flowable-async-job-executor-thread-16299#
[DetermineApplicationServiceBindingActionsStep] Determine bind/unbind operations of application "loyalty-rewards" to service instance "loyalty-rewards-html5-runtime"#
#2026 08 14 08:07:40.298#Z#DEBUG#2a9679fe-97b7-11f1-91c3-eeee0a9f1a4c.OPERATION#flowable-async-job-executor-thread-16299#
[DetermineApplicationServiceBindingActionsStep] Getting application "loyalty-rewards"...#
#2026 08 14 08:07:40.332#Z#DEBUG#2a9679fe-97b7-11f1-91c3-eeee0a9f1a4c.OPERATION#flowable-async-job-executor-thread-16299#
[DetermineApplicationServiceBindingActionsStep] Binding parameters for application "loyalty-rewards": { }#
#2026 08 14 08:07:40.369#Z#DEBUG#2a9679fe-97b7-11f1-91c3-eeee0a9f1a4c.OPERATION#flowable-async-job-executor-thread-16299#
[DetermineApplicationServiceBindingActionsStep] Check should rebind application "loyalty-rewards" and service instance "loyalty-rewards-html5-runtime"#
#2026 08 14 08:07:40.369#Z#DEBUG#2a9679fe-97b7-11f1-91c3-eeee0a9f1a4c.OPERATION#flowable-async-job-executor-thread-16299#
[DetermineApplicationServiceBindingActionsStep] Getting GUID of required service instance "loyalty-rewards-html5-runtime"...#
#2026 08 14 08:07:40.403#Z#DEBUG#2a9679fe-97b7-11f1-91c3-eeee0a9f1a4c.OPERATION#flowable-async-job-executor-thread-16299#
[DetermineApplicationServiceBindingActionsStep] Getting binding of service instance "63f868e3-a963-4eca-b258-ec6e46d3f824" with application "d3e0f941-7b61-4f8d-974e-4f6f681f7d80"...#
#2026 08 14 08:07:40.444#Z#DEBUG#2a9679fe-97b7-11f1-91c3-eeee0a9f1a4c.OPERATION#flowable-async-job-executor-thread-16299#
[DetermineApplicationServiceBindingActionsStep] Getting parameters of service binding "5751e759-8139-49f2-b898-f9bbbc742212"...#
#2026 08 14 08:07:40.477#Z#WARN#2a9679fe-97b7-11f1-91c3-eeee0a9f1a4c.OPERATION#flowable-async-job-executor-thread-16299#
[DetermineApplicationServiceBindingActionsStep] Cannot retrieve parameters of binding between application "loyalty-rewards" and service instance "loyalty-rewards-html5-runtime"#
#2026 08 14 08:07:40.479#Z#DEBUG#2a9679fe-97b7-11f1-91c3-eeee0a9f1a4c.OPERATION#flowable-async-job-executor-thread-16299#
[DetermineApplicationServiceBindingActionsStep] Calculated binding operations between application "loyalty-rewards" and service instance "loyalty-rewards-html5-runtime": unbind - true bind - true#
#2026 08 14 08:07:40.480#Z#DEBUG#2a9679fe-97b7-11f1-91c3-eeee0a9f1a4c.OPERATION#flowable-async-job-executor-thread-16299#
Step "Determine Application Service Binding Actions" finished#
#2026 08 14 08:07:40.382#Z#DEBUG#2a9679fe-97b7-11f1-91c3-eeee0a9f1a4c.OPERATION#flowable-async-job-executor-thread-14948#
[DetermineApplicationServiceBindingActionsStep] Executing task "determineApplicationServiceBindingActionsTask" of process "3825651b-97b7-11f1-9d40-eeee0a978ff2"...#
#2026 08 14 08:07:40.384#Z#DEBUG#2a9679fe-97b7-11f1-91c3-eeee0a9f1a4c.OPERATION#flowable-async-job-executor-thread-14948#
[DetermineApplicationServiceBindingActionsStep] Determine bind/unbind operations of application "loyalty-rewards" to service instance "loyalty-rewards-destination-service"#
#2026 08 14 08:07:40.384#Z#DEBUG#2a9679fe-97b7-11f1-91c3-eeee0a9f1a4c.OPERATION#flowable-async-job-executor-thread-14948#
[DetermineApplicationServiceBindingActionsStep] Getting application "loyalty-rewards"...#
#2026 08 14 08:07:40.423#Z#DEBUG#2a9679fe-97b7-11f1-91c3-eeee0a9f1a4c.OPERATION#flowable-async-job-executor-thread-14948#
[DetermineApplicationServiceBindingActionsStep] Binding parameters for application "loyalty-rewards": { }#
#2026 08 14 08:07:40.467#Z#DEBUG#2a9679fe-97b7-11f1-91c3-eeee0a9f1a4c.OPERATION#flowable-async-job-executor-thread-14948#
[DetermineApplicationServiceBindingActionsStep] Check should rebind application "loyalty-rewards" and service instance "loyalty-rewards-destination-service"#
#2026 08 14 08:07:40.467#Z#DEBUG#2a9679fe-97b7-11f1-91c3-eeee0a9f1a4c.OPERATION#flowable-async-job-executor-thread-14948#
[DetermineApplicationServiceBindingActionsStep] Getting GUID of required service instance "loyalty-rewards-destination-service"...#
#2026 08 14 08:07:40.498#Z#DEBUG#2a9679fe-97b7-11f1-91c3-eeee0a9f1a4c.OPERATION#flowable-async-job-executor-thread-14948#
[DetermineApplicationServiceBindingActionsStep] Getting binding of service instance "e3d5e1b5-b075-462e-a96f-a8d3a9ea2ced" with application "d3e0f941-7b61-4f8d-974e-4f6f681f7d80"...#
#2026 08 14 08:07:40.529#Z#DEBUG#2a9679fe-97b7-11f1-91c3-eeee0a9f1a4c.OPERATION#flowable-async-job-executor-thread-14948#
[DetermineApplicationServiceBindingActionsStep] Getting parameters of service binding "bdefa7cc-ba6a-4522-bbc9-951c09c303ff"...#
#2026 08 14 08:07:40.554#Z#WARN#2a9679fe-97b7-11f1-91c3-eeee0a9f1a4c.OPERATION#flowable-async-job-executor-thread-14948#
[DetermineApplicationServiceBindingActionsStep] Cannot retrieve parameters of binding between application "loyalty-rewards" and service instance "loyalty-rewards-destination-service"#
#2026 08 14 08:07:40.555#Z#DEBUG#2a9679fe-97b7-11f1-91c3-eeee0a9f1a4c.OPERATION#flowable-async-job-executor-thread-14948#
[DetermineApplicationServiceBindingActionsStep] Calculated binding operations between application "loyalty-rewards" and service instance "loyalty-rewards-destination-service": unbind - true bind - true#
#2026 08 14 08:07:40.556#Z#DEBUG#2a9679fe-97b7-11f1-91c3-eeee0a9f1a4c.OPERATION#flowable-async-job-executor-thread-14948#
Step "Determine Application Service Binding Actions" finished#
#2026 08 14 08:07:40.522#Z#DEBUG#2a9679fe-97b7-11f1-91c3-eeee0a9f1a4c.OPERATION#flowable-async-job-executor-thread-16301#
[UnbindServiceFromApplicationStep] Executing task "unbindServiceFromApplicationTask" of process "3819a4d6-97b7-11f1-91c3-eeee0a9f1a4c"...#
#2026 08 14 08:07:40.527#Z#INFO#2a9679fe-97b7-11f1-91c3-eeee0a9f1a4c.OPERATION#flowable-async-job-executor-thread-16301#
[UnbindServiceFromApplicationStep] Unbinding service instance "loyalty-rewards-html5-runtime" from application "loyalty-rewards"...#
#2026 08 14 08:07:40.531#Z#DEBUG#2a9679fe-97b7-11f1-91c3-eeee0a9f1a4c.OPERATION#flowable-async-job-executor-thread-16301#
[UnbindServiceFromApplicationStep] Unbinding application "loyalty-rewards" from service instance "loyalty-rewards-html5-runtime"...#
#2026 08 14 08:07:40.685#Z#DEBUG#2a9679fe-97b7-11f1-91c3-eeee0a9f1a4c.OPERATION#flowable-async-job-executor-thread-16301#
Step "Unbind Service from Application" finished#
#2026 08 14 08:07:40.354#Z#DEBUG#2a9679fe-97b7-11f1-91c3-eeee0a9f1a4c.OPERATION#flowable-async-job-executor-thread-16300#
[CreateOrUpdateAppStep] Executing task "createAppTask" of process "38205c3c-97b7-11f1-91c3-eeee0a9f1a4c"...#
#2026 08 14 08:07:40.356#Z#DEBUG#2a9679fe-97b7-11f1-91c3-eeee0a9f1a4c.OPERATION#flowable-async-job-executor-thread-16300#
[CreateOrUpdateAppStep] Getting application "loyalty-rewards-db-deployer"...#
#2026 08 14 08:07:40.392#Z#INFO#2a9679fe-97b7-11f1-91c3-eeee0a9f1a4c.OPERATION#flowable-async-job-executor-thread-16300#
[CreateOrUpdateAppStep] Updating application "loyalty-rewards-db-deployer"...#
#2026 08 14 08:07:40.398#Z#DEBUG#2a9679fe-97b7-11f1-91c3-eeee0a9f1a4c.OPERATION#flowable-async-job-executor-thread-16300#
[CreateOrUpdateAppStep] Getting process for application "14abe4c7-062a-499e-b7d4-4f73c68d95af"...#
#2026 08 14 08:07:40.430#Z#DEBUG#2a9679fe-97b7-11f1-91c3-eeee0a9f1a4c.OPERATION#flowable-async-job-executor-thread-16300#
[CreateOrUpdateAppStep] Getting routes for application "14abe4c7-062a-499e-b7d4-4f73c68d95af"...#
#2026 08 14 08:07:40.459#Z#DEBUG#2a9679fe-97b7-11f1-91c3-eeee0a9f1a4c.OPERATION#flowable-async-job-executor-thread-16300#
[CreateOrUpdateAppStep] Getting features for application "14abe4c7-062a-499e-b7d4-4f73c68d95af"#
#2026 08 14 08:07:40.493#Z#DEBUG#2a9679fe-97b7-11f1-91c3-eeee0a9f1a4c.OPERATION#flowable-async-job-executor-thread-16300#
[CreateOrUpdateAppStep] Updating staging of application "loyalty-rewards-db-deployer" to: {
  "buildpacks" : [ "nodejs_buildpack" ],
  "healthCheckType" : "port",
  "appFeatures" : { }
}#
#2026 08 14 08:07:40.678#Z#DEBUG#2a9679fe-97b7-11f1-91c3-eeee0a9f1a4c.OPERATION#flowable-async-job-executor-thread-16300#
[CreateOrUpdateAppStep] Application "loyalty-rewards-db-deployer" updated#
#2026 08 14 08:07:40.678#Z#DEBUG#2a9679fe-97b7-11f1-91c3-eeee0a9f1a4c.OPERATION#flowable-async-job-executor-thread-16300#
[CreateOrUpdateAppStep] Getting environment of application "14abe4c7-062a-499e-b7d4-4f73c68d95af"...#
#2026 08 14 08:07:40.744#Z#DEBUG#2a9679fe-97b7-11f1-91c3-eeee0a9f1a4c.OPERATION#flowable-async-job-executor-thread-16300#
[CreateOrUpdateAppStep] Application "loyalty-rewards-db-deployer" updated#
#2026 08 14 08:07:40.744#Z#DEBUG#2a9679fe-97b7-11f1-91c3-eeee0a9f1a4c.OPERATION#flowable-async-job-executor-thread-16300#
Step "Create App" finished#
#2026 08 14 08:07:40.607#Z#DEBUG#2a9679fe-97b7-11f1-91c3-eeee0a9f1a4c.OPERATION#flowable-async-job-executor-thread-14949#
[UnbindServiceFromApplicationStep] Executing task "unbindServiceFromApplicationTask" of process "3825651b-97b7-11f1-9d40-eeee0a978ff2"...#
#2026 08 14 08:07:40.610#Z#INFO#2a9679fe-97b7-11f1-91c3-eeee0a9f1a4c.OPERATION#flowable-async-job-executor-thread-14949#
[UnbindServiceFromApplicationStep] Unbinding service instance "loyalty-rewards-destination-service" from application "loyalty-rewards"...#
#2026 08 14 08:07:40.615#Z#DEBUG#2a9679fe-97b7-11f1-91c3-eeee0a9f1a4c.OPERATION#flowable-async-job-executor-thread-14949#
[UnbindServiceFromApplicationStep] Unbinding application "loyalty-rewards" from service instance "loyalty-rewards-destination-service"...#
#2026 08 14 08:07:40.784#Z#DEBUG#2a9679fe-97b7-11f1-91c3-eeee0a9f1a4c.OPERATION#flowable-async-job-executor-thread-14949#
Step "Unbind Service from Application" finished#
#2026 08 14 08:07:40.851#Z#DEBUG#2a9679fe-97b7-11f1-91c3-eeee0a9f1a4c.OPERATION#flowable-async-job-executor-thread-16300#
[CheckServiceBindingOperationStep] Executing task "checkForServiceBindingOperationInProgress" of process "38822abb-97b7-11f1-91c3-eeee0a9f1a4c"...#
#2026 08 14 08:07:40.851#Z#DEBUG#2a9679fe-97b7-11f1-91c3-eeee0a9f1a4c.OPERATION#flowable-async-job-executor-thread-16300#
[CheckServiceBindingOperationStep] Checking for service binding operation in progress between app "loyalty-rewards-db-deployer" and service instance "loyalty-rewards-db"#
#2026 08 14 08:07:40.852#Z#DEBUG#2a9679fe-97b7-11f1-91c3-eeee0a9f1a4c.OPERATION#flowable-async-job-executor-thread-16300#
[CheckServiceBindingOperationStep] Getting application guid "loyalty-rewards-db-deployer"...#
#2026 08 14 08:07:40.885#Z#DEBUG#2a9679fe-97b7-11f1-91c3-eeee0a9f1a4c.OPERATION#flowable-async-job-executor-thread-16300#
[CheckServiceBindingOperationStep] Getting GUID of required service instance "loyalty-rewards-db"...#
#2026 08 14 08:07:40.916#Z#DEBUG#2a9679fe-97b7-11f1-91c3-eeee0a9f1a4c.OPERATION#flowable-async-job-executor-thread-16300#
[CheckServiceBindingOperationStep] Getting binding of service instance "498dba9b-2d56-44a2-84e3-c66136b2de6e" with application "14abe4c7-062a-499e-b7d4-4f73c68d95af"...#
#2026 08 14 08:07:40.957#Z#DEBUG#2a9679fe-97b7-11f1-91c3-eeee0a9f1a4c.OPERATION#flowable-async-job-executor-thread-16300#
[CheckServiceBindingOperationStep] Service binding operation "2b5b1a78-51bc-4e27-aebd-2072b8e6159b" with type "create" is in state "succeeded"#
#2026 08 14 08:07:40.957#Z#DEBUG#2a9679fe-97b7-11f1-91c3-eeee0a9f1a4c.OPERATION#flowable-async-job-executor-thread-16300#
Step "Check For Service Binding Operation In Progress" finished#
#2026 08 14 08:07:41.189#Z#DEBUG#2a9679fe-97b7-11f1-91c3-eeee0a9f1a4c.OPERATION#flowable-async-job-executor-thread-16295#
[UnbindServiceFromApplicationStep] Executing task "unbindServiceFromApplicationTask" of process "347e7d81-97b7-11f1-b71a-eeee0a862d34"...#
#2026 08 14 08:07:41.203#Z#DEBUG#2a9679fe-97b7-11f1-91c3-eeee0a9f1a4c.OPERATION#flowable-async-job-executor-thread-16295#
[UnbindServiceFromApplicationStep] Getting async job "604195c2-cd1e-4e54-b236-8d3c1ce8da0e"#
#2026 08 14 08:07:41.241#Z#DEBUG#2a9679fe-97b7-11f1-91c3-eeee0a9f1a4c.OPERATION#flowable-async-job-executor-thread-16295#
[UnbindServiceFromApplicationStep] Getting service instance "loyalty-rewards-auth"...#
#2026 08 14 08:07:41.370#Z#DEBUG#2a9679fe-97b7-11f1-91c3-eeee0a9f1a4c.OPERATION#flowable-async-job-executor-thread-16295#
[UnbindServiceFromApplicationStep] Async service binding operation with id "604195c2-cd1e-4e54-b236-8d3c1ce8da0e" finished#
#2026 08 14 08:07:41.379#Z#DEBUG#2a9679fe-97b7-11f1-91c3-eeee0a9f1a4c.OPERATION#flowable-async-job-executor-thread-16295#
Step "Unbind Service from Application" finished#
#2026 08 14 08:07:41.141#Z#DEBUG#2a9679fe-97b7-11f1-91c3-eeee0a9f1a4c.OPERATION#flowable-async-job-executor-thread-16294#
[DetermineApplicationServiceBindingActionsStep] Executing task "determineApplicationServiceBindingActionsTask" of process "38822abb-97b7-11f1-91c3-eeee0a9f1a4c"...#
#2026 08 14 08:07:41.149#Z#DEBUG#2a9679fe-97b7-11f1-91c3-eeee0a9f1a4c.OPERATION#flowable-async-job-executor-thread-16294#
[DetermineApplicationServiceBindingActionsStep] Determine bind/unbind operations of application "loyalty-rewards-db-deployer" to service instance "loyalty-rewards-db"#
#2026 08 14 08:07:41.149#Z#DEBUG#2a9679fe-97b7-11f1-91c3-eeee0a9f1a4c.OPERATION#flowable-async-job-executor-thread-16294#
[DetermineApplicationServiceBindingActionsStep] Getting application "loyalty-rewards-db-deployer"...#
#2026 08 14 08:07:41.218#Z#DEBUG#2a9679fe-97b7-11f1-91c3-eeee0a9f1a4c.OPERATION#flowable-async-job-executor-thread-16294#
[DetermineApplicationServiceBindingActionsStep] Binding parameters for application "loyalty-rewards-db-deployer": { }#
#2026 08 14 08:07:41.249#Z#DEBUG#2a9679fe-97b7-11f1-91c3-eeee0a9f1a4c.OPERATION#flowable-async-job-executor-thread-16294#
[DetermineApplicationServiceBindingActionsStep] Check should rebind application "loyalty-rewards-db-deployer" and service instance "loyalty-rewards-db"#
#2026 08 14 08:07:41.249#Z#DEBUG#2a9679fe-97b7-11f1-91c3-eeee0a9f1a4c.OPERATION#flowable-async-job-executor-thread-16294#
[DetermineApplicationServiceBindingActionsStep] Getting GUID of required service instance "loyalty-rewards-db"...#
#2026 08 14 08:07:41.299#Z#DEBUG#2a9679fe-97b7-11f1-91c3-eeee0a9f1a4c.OPERATION#flowable-async-job-executor-thread-16294#
[DetermineApplicationServiceBindingActionsStep] Getting binding of service instance "498dba9b-2d56-44a2-84e3-c66136b2de6e" with application "14abe4c7-062a-499e-b7d4-4f73c68d95af"...#
#2026 08 14 08:07:41.329#Z#DEBUG#2a9679fe-97b7-11f1-91c3-eeee0a9f1a4c.OPERATION#flowable-async-job-executor-thread-16294#
[DetermineApplicationServiceBindingActionsStep] Getting parameters of service binding "2b5b1a78-51bc-4e27-aebd-2072b8e6159b"...#
#2026 08 14 08:07:41.539#Z#INFO#2a9679fe-97b7-11f1-91c3-eeee0a9f1a4c.OPERATION#flowable-async-job-executor-thread-16294#
[DetermineApplicationServiceBindingActionsStep] Service instance "loyalty-rewards-db" will not be rebound to application "loyalty-rewards-db-deployer" because the binding parameters are not modified#
#2026 08 14 08:07:41.544#Z#DEBUG#2a9679fe-97b7-11f1-91c3-eeee0a9f1a4c.OPERATION#flowable-async-job-executor-thread-16294#
[DetermineApplicationServiceBindingActionsStep] Calculated binding operations between application "loyalty-rewards-db-deployer" and service instance "loyalty-rewards-db": unbind - false bind - false#
#2026 08 14 08:07:41.544#Z#DEBUG#2a9679fe-97b7-11f1-91c3-eeee0a9f1a4c.OPERATION#flowable-async-job-executor-thread-16294#
Step "Determine Application Service Binding Actions" finished#
#2026 08 14 08:07:41.451#Z#DEBUG#2a9679fe-97b7-11f1-91c3-eeee0a9f1a4c.OPERATION#flowable-async-job-executor-thread-16295#
[BindServiceToApplicationStep] Executing task "bindServiceToApplicationTask" of process "347e7d81-97b7-11f1-b71a-eeee0a862d34"...#
#2026 08 14 08:07:41.454#Z#INFO#2a9679fe-97b7-11f1-91c3-eeee0a9f1a4c.OPERATION#flowable-async-job-executor-thread-16295#
[BindServiceToApplicationStep] Binding service instance "loyalty-rewards-auth" to application "loyalty-rewards-srv"...#
#2026 08 14 08:07:41.467#Z#DEBUG#2a9679fe-97b7-11f1-91c3-eeee0a9f1a4c.OPERATION#flowable-async-job-executor-thread-16295#
[BindServiceToApplicationStep] Binding service instance "loyalty-rewards-auth" to application "loyalty-rewards-srv" with parameters: { }#
#2026 08 14 08:07:41.593#Z#DEBUG#2a9679fe-97b7-11f1-91c3-eeee0a9f1a4c.OPERATION#flowable-async-job-executor-thread-16295#
Step "Bind Service to Application" finished#
#2026 08 14 08:07:41.744#Z#DEBUG#2a9679fe-97b7-11f1-91c3-eeee0a9f1a4c.OPERATION#flowable-async-job-executor-thread-16294#
[DetermineVcapServicesPropertiesChangedStep] Executing task "determineVcapServicesPropertiesChangedTask" of process "390256ef-97b7-11f1-91c3-eeee0a9f1a4c"...#
#2026 08 14 08:07:41.752#Z#DEBUG#2a9679fe-97b7-11f1-91c3-eeee0a9f1a4c.OPERATION#flowable-async-job-executor-thread-16294#
[DetermineVcapServicesPropertiesChangedStep] VCAP_SERVICES properties for application "loyalty-rewards-db-deployer" changed: false#
#2026 08 14 08:07:41.753#Z#DEBUG#2a9679fe-97b7-11f1-91c3-eeee0a9f1a4c.OPERATION#flowable-async-job-executor-thread-16294#
Step "Determine vcap services properties changed" finished#
#2026 08 14 08:07:41.801#Z#DEBUG#2a9679fe-97b7-11f1-91c3-eeee0a9f1a4c.OPERATION#flowable-async-job-executor-thread-16294#
[UploadAppStep] Executing task "uploadAppTask" of process "390256ef-97b7-11f1-91c3-eeee0a9f1a4c"...#
#2026 08 14 08:07:41.804#Z#DEBUG#2a9679fe-97b7-11f1-91c3-eeee0a9f1a4c.OPERATION#flowable-async-job-executor-thread-16294#
[UploadAppStep] Application upload timeout is default one: 3,600 seconds#
#2026 08 14 08:07:41.804#Z#INFO#2a9679fe-97b7-11f1-91c3-eeee0a9f1a4c.OPERATION#flowable-async-job-executor-thread-16294#
[UploadAppStep] Uploading application "loyalty-rewards-db-deployer"...#
#2026 08 14 08:07:41.812#Z#DEBUG#2a9679fe-97b7-11f1-91c3-eeee0a9f1a4c.OPERATION#flowable-async-job-executor-thread-16294#
[UploadAppStep] Getting application "loyalty-rewards-db-deployer"...#
#2026 08 14 08:07:41.838#Z#DEBUG#2a9679fe-97b7-11f1-91c3-eeee0a9f1a4c.OPERATION#flowable-async-job-executor-thread-16294#
[UploadAppStep] Getting environment of application "14abe4c7-062a-499e-b7d4-4f73c68d95af"...#
#2026 08 14 08:07:41.871#Z#INFO#2a9679fe-97b7-11f1-91c3-eeee0a9f1a4c.OPERATION#flowable-async-job-executor-thread-16294#
[UploadAppStep] Calculating application digest: "loyalty-rewards-db-deployer"#
#2026 08 14 08:07:42.001#Z#DEBUG#2a9679fe-97b7-11f1-91c3-eeee0a9f1a4c.OPERATION#flowable-async-job-executor-thread-16294#
Step "Upload App" finished#
#2026 08 14 08:07:51.011#Z#DEBUG#2a9679fe-97b7-11f1-91c3-eeee0a9f1a4c.OPERATION#flowable-async-job-executor-thread-29076#
[BindServiceToApplicationStep] Executing task "bindServiceToApplicationTask" of process "347e7d81-97b7-11f1-b71a-eeee0a862d34"...#
#2026 08 14 08:07:51.014#Z#DEBUG#2a9679fe-97b7-11f1-91c3-eeee0a9f1a4c.OPERATION#flowable-async-job-executor-thread-29076#
[BindServiceToApplicationStep] Getting async job "c72d459e-7a63-47c0-8b87-56ca43b2aa89"#
#2026 08 14 08:07:51.050#Z#DEBUG#2a9679fe-97b7-11f1-91c3-eeee0a9f1a4c.OPERATION#flowable-async-job-executor-thread-29076#
[BindServiceToApplicationStep] Getting service instance "loyalty-rewards-auth"...#
#2026 08 14 08:07:51.185#Z#DEBUG#2a9679fe-97b7-11f1-91c3-eeee0a9f1a4c.OPERATION#flowable-async-job-executor-thread-29076#
[BindServiceToApplicationStep] Async service binding operation with id "c72d459e-7a63-47c0-8b87-56ca43b2aa89" finished#
#2026 08 14 08:07:51.188#Z#DEBUG#2a9679fe-97b7-11f1-91c3-eeee0a9f1a4c.OPERATION#flowable-async-job-executor-thread-29076#
Step "Bind Service to Application" finished#
#2026 08 14 08:07:51.038#Z#DEBUG#2a9679fe-97b7-11f1-91c3-eeee0a9f1a4c.OPERATION#flowable-async-job-executor-thread-29074#
[UnbindServiceFromApplicationStep] Executing task "unbindServiceFromApplicationTask" of process "36b310c6-97b7-11f1-b71a-eeee0a862d34"...#
#2026 08 14 08:07:51.040#Z#DEBUG#2a9679fe-97b7-11f1-91c3-eeee0a9f1a4c.OPERATION#flowable-async-job-executor-thread-29074#
[UnbindServiceFromApplicationStep] Getting async job "da2bbe8e-0d68-4677-b7a8-0a8cb41a10d9"#
#2026 08 14 08:07:51.070#Z#DEBUG#2a9679fe-97b7-11f1-91c3-eeee0a9f1a4c.OPERATION#flowable-async-job-executor-thread-29074#
[UnbindServiceFromApplicationStep] Getting service instance "loyalty-rewards-auth"...#
#2026 08 14 08:07:51.138#Z#DEBUG#2a9679fe-97b7-11f1-91c3-eeee0a9f1a4c.OPERATION#flowable-async-job-executor-thread-29079#
[UnbindServiceFromApplicationStep] Executing task "unbindServiceFromApplicationTask" of process "3819a4d6-97b7-11f1-91c3-eeee0a9f1a4c"...#
#2026 08 14 08:07:51.141#Z#DEBUG#2a9679fe-97b7-11f1-91c3-eeee0a9f1a4c.OPERATION#flowable-async-job-executor-thread-29079#
[UnbindServiceFromApplicationStep] Getting async job "cb42dfa8-38ce-4a5d-8109-7a4338b4131e"#
#2026 08 14 08:07:51.176#Z#DEBUG#2a9679fe-97b7-11f1-91c3-eeee0a9f1a4c.OPERATION#flowable-async-job-executor-thread-29079#
[UnbindServiceFromApplicationStep] Getting service instance "loyalty-rewards-html5-runtime"...#
#2026 08 14 08:07:51.183#Z#DEBUG#2a9679fe-97b7-11f1-91c3-eeee0a9f1a4c.OPERATION#flowable-async-job-executor-thread-29074#
[UnbindServiceFromApplicationStep] Async service binding operation with id "da2bbe8e-0d68-4677-b7a8-0a8cb41a10d9" finished#
#2026 08 14 08:07:51.190#Z#DEBUG#2a9679fe-97b7-11f1-91c3-eeee0a9f1a4c.OPERATION#flowable-async-job-executor-thread-29074#
Step "Unbind Service from Application" finished#
#2026 08 14 08:07:51.126#Z#DEBUG#2a9679fe-97b7-11f1-91c3-eeee0a9f1a4c.OPERATION#flowable-async-job-executor-thread-16304#
[UnbindServiceFromApplicationStep] Executing task "unbindServiceFromApplicationTask" of process "3825651b-97b7-11f1-9d40-eeee0a978ff2"...#
#2026 08 14 08:07:51.129#Z#DEBUG#2a9679fe-97b7-11f1-91c3-eeee0a9f1a4c.OPERATION#flowable-async-job-executor-thread-16304#
[UnbindServiceFromApplicationStep] Getting async job "7ab5c30f-60e9-4447-aeac-3f0ca4799125"#
#2026 08 14 08:07:51.159#Z#DEBUG#2a9679fe-97b7-11f1-91c3-eeee0a9f1a4c.OPERATION#flowable-async-job-executor-thread-16304#
[UnbindServiceFromApplicationStep] Getting service instance "loyalty-rewards-destination-service"...#
#2026 08 14 08:07:51.279#Z#DEBUG#2a9679fe-97b7-11f1-91c3-eeee0a9f1a4c.OPERATION#flowable-async-job-executor-thread-16304#
[UnbindServiceFromApplicationStep] Async service binding operation with id "7ab5c30f-60e9-4447-aeac-3f0ca4799125" finished#
#2026 08 14 08:07:51.285#Z#DEBUG#2a9679fe-97b7-11f1-91c3-eeee0a9f1a4c.OPERATION#flowable-async-job-executor-thread-16304#
Step "Unbind Service from Application" finished#
#2026 08 14 08:07:51.282#Z#DEBUG#2a9679fe-97b7-11f1-91c3-eeee0a9f1a4c.OPERATION#flowable-async-job-executor-thread-29079#
[UnbindServiceFromApplicationStep] Async service binding operation with id "cb42dfa8-38ce-4a5d-8109-7a4338b4131e" finished#
#2026 08 14 08:07:51.286#Z#DEBUG#2a9679fe-97b7-11f1-91c3-eeee0a9f1a4c.OPERATION#flowable-async-job-executor-thread-29079#
Step "Unbind Service from Application" finished#
#2026 08 14 08:07:51.264#Z#DEBUG#2a9679fe-97b7-11f1-91c3-eeee0a9f1a4c.OPERATION#flowable-async-job-executor-thread-29074#
[BindServiceToApplicationStep] Executing task "bindServiceToApplicationTask" of process "36b310c6-97b7-11f1-b71a-eeee0a862d34"...#
#2026 08 14 08:07:51.266#Z#INFO#2a9679fe-97b7-11f1-91c3-eeee0a9f1a4c.OPERATION#flowable-async-job-executor-thread-29074#
[BindServiceToApplicationStep] Binding service instance "loyalty-rewards-auth" to application "loyalty-rewards"...#
#2026 08 14 08:07:51.272#Z#DEBUG#2a9679fe-97b7-11f1-91c3-eeee0a9f1a4c.OPERATION#flowable-async-job-executor-thread-29074#
[BindServiceToApplicationStep] Binding service instance "loyalty-rewards-auth" to application "loyalty-rewards" with parameters: { }#
#2026 08 14 08:07:51.373#Z#DEBUG#2a9679fe-97b7-11f1-91c3-eeee0a9f1a4c.OPERATION#flowable-async-job-executor-thread-29075#
[BindServiceToApplicationStep] Executing task "bindServiceToApplicationTask" of process "3819a4d6-97b7-11f1-91c3-eeee0a9f1a4c"...#
#2026 08 14 08:07:51.376#Z#INFO#2a9679fe-97b7-11f1-91c3-eeee0a9f1a4c.OPERATION#flowable-async-job-executor-thread-29075#
[BindServiceToApplicationStep] Binding service instance "loyalty-rewards-html5-runtime" to application "loyalty-rewards"...#
#2026 08 14 08:07:51.378#Z#DEBUG#2a9679fe-97b7-11f1-91c3-eeee0a9f1a4c.OPERATION#flowable-async-job-executor-thread-29074#
Step "Bind Service to Application" finished#
#2026 08 14 08:07:51.430#Z#DEBUG#2a9679fe-97b7-11f1-91c3-eeee0a9f1a4c.OPERATION#flowable-async-job-executor-thread-29076#
[DetermineVcapServicesPropertiesChangedStep] Executing task "determineVcapServicesPropertiesChangedTask" of process "3ec43067-97b7-11f1-b71a-eeee0a862d34"...#
#2026 08 14 08:07:51.433#Z#DEBUG#2a9679fe-97b7-11f1-91c3-eeee0a9f1a4c.OPERATION#flowable-async-job-executor-thread-29076#
[DetermineVcapServicesPropertiesChangedStep] VCAP_SERVICES properties for application "loyalty-rewards-srv" changed: true#
#2026 08 14 08:07:51.433#Z#DEBUG#2a9679fe-97b7-11f1-91c3-eeee0a9f1a4c.OPERATION#flowable-async-job-executor-thread-29076#
Step "Determine vcap services properties changed" finished#
#2026 08 14 08:07:51.386#Z#DEBUG#2a9679fe-97b7-11f1-91c3-eeee0a9f1a4c.OPERATION#flowable-async-job-executor-thread-29075#
[BindServiceToApplicationStep] Binding service instance "loyalty-rewards-html5-runtime" to application "loyalty-rewards" with parameters: { }#
#2026 08 14 08:07:51.495#Z#DEBUG#2a9679fe-97b7-11f1-91c3-eeee0a9f1a4c.OPERATION#flowable-async-job-executor-thread-29075#
Step "Bind Service to Application" finished#
#2026 08 14 08:07:51.377#Z#DEBUG#2a9679fe-97b7-11f1-91c3-eeee0a9f1a4c.OPERATION#flowable-async-job-executor-thread-16304#
[BindServiceToApplicationStep] Executing task "bindServiceToApplicationTask" of process "3825651b-97b7-11f1-9d40-eeee0a978ff2"...#
#2026 08 14 08:07:51.383#Z#INFO#2a9679fe-97b7-11f1-91c3-eeee0a9f1a4c.OPERATION#flowable-async-job-executor-thread-16304#
[BindServiceToApplicationStep] Binding service instance "loyalty-rewards-destination-service" to application "loyalty-rewards"...#
#2026 08 14 08:07:51.407#Z#DEBUG#2a9679fe-97b7-11f1-91c3-eeee0a9f1a4c.OPERATION#flowable-async-job-executor-thread-16304#
[BindServiceToApplicationStep] Binding service instance "loyalty-rewards-destination-service" to application "loyalty-rewards" with parameters: { }#
#2026 08 14 08:07:51.567#Z#DEBUG#2a9679fe-97b7-11f1-91c3-eeee0a9f1a4c.OPERATION#flowable-async-job-executor-thread-16304#
Step "Bind Service to Application" finished#
#2026 08 14 08:07:51.328#Z#DEBUG#2a9679fe-97b7-11f1-91c3-eeee0a9f1a4c.OPERATION#flowable-async-job-executor-thread-29077#
[UploadAppStep] Executing task "uploadAppTask" of process "390256ef-97b7-11f1-91c3-eeee0a9f1a4c"...#
#2026 08 14 08:07:51.331#Z#DEBUG#2a9679fe-97b7-11f1-91c3-eeee0a9f1a4c.OPERATION#flowable-async-job-executor-thread-29077#
[UploadAppStep] Application upload timeout is default one: 3,600 seconds#
#2026 08 14 08:07:51.334#Z#DEBUG#2a9679fe-97b7-11f1-91c3-eeee0a9f1a4c.OPERATION#pool-21-thread-4#
[UploadAppStep] Upload of application: loyalty-rewards-db-deployer started on instance: 2#
#2026 08 14 08:07:51.334#Z#DEBUG#2a9679fe-97b7-11f1-91c3-eeee0a9f1a4c.OPERATION#pool-21-thread-4#
[UploadAppStep] Uploading file "loyalty-rewards-db-deployer/data.zip" for application "loyalty-rewards-db-deployer"#
#2026 08 14 08:07:51.418#Z#INFO#2a9679fe-97b7-11f1-91c3-eeee0a9f1a4c.OPERATION#pool-21-thread-4#
[UploadAppStep] Time elapsed for app binary download: 83 in millis#
#2026 08 14 08:07:51.418#Z#INFO#2a9679fe-97b7-11f1-91c3-eeee0a9f1a4c.OPERATION#pool-21-thread-4#
[UploadAppStep] Size of app loyalty-rewards-db-deployer is 2,466,062 bytes#
#2026 08 14 08:07:51.418#Z#DEBUG#2a9679fe-97b7-11f1-91c3-eeee0a9f1a4c.OPERATION#pool-21-thread-4#
[UploadAppStep] Asynchronously uploading binaries for application "loyalty-rewards-db-deployer"...#
#2026 08 14 08:07:51.464#Z#DEBUG#2a9679fe-97b7-11f1-91c3-eeee0a9f1a4c.OPERATION#flowable-async-job-executor-thread-29076#
[UploadAppStep] Executing task "uploadAppTask" of process "3ec43067-97b7-11f1-b71a-eeee0a862d34"...#
#2026 08 14 08:07:51.465#Z#DEBUG#2a9679fe-97b7-11f1-91c3-eeee0a9f1a4c.OPERATION#flowable-async-job-executor-thread-29076#
[UploadAppStep] Application upload timeout is default one: 3,600 seconds#
#2026 08 14 08:07:51.466#Z#INFO#2a9679fe-97b7-11f1-91c3-eeee0a9f1a4c.OPERATION#flowable-async-job-executor-thread-29076#
[UploadAppStep] Uploading application "loyalty-rewards-srv"...#
#2026 08 14 08:07:51.470#Z#DEBUG#2a9679fe-97b7-11f1-91c3-eeee0a9f1a4c.OPERATION#flowable-async-job-executor-thread-29076#
[UploadAppStep] Getting application "loyalty-rewards-srv"...#
#2026 08 14 08:07:51.495#Z#DEBUG#2a9679fe-97b7-11f1-91c3-eeee0a9f1a4c.OPERATION#flowable-async-job-executor-thread-29076#
[UploadAppStep] Getting environment of application "f923befe-21d1-4fb4-b72b-f81c31059c6d"...#
#2026 08 14 08:07:51.528#Z#INFO#2a9679fe-97b7-11f1-91c3-eeee0a9f1a4c.OPERATION#flowable-async-job-executor-thread-29076#
[UploadAppStep] Calculating application digest: "loyalty-rewards-srv"#
#2026 08 14 08:07:51.589#Z#DEBUG#2a9679fe-97b7-11f1-91c3-eeee0a9f1a4c.OPERATION#flowable-async-job-executor-thread-29076#
Step "Upload App" finished#
#2026 08 14 08:07:51.031#Z#DEBUG#2a9679fe-97b7-11f1-91c3-eeee0a9f1a4c.OPERATION#flowable-async-job-executor-thread-29078#
[StartContentDeployStep] Executing task "startContentDeployTask" of process "34acb8e7-97b7-11f1-b71a-eeee0a862d34"...#
#2026 08 14 08:07:51.033#Z#DEBUG#2a9679fe-97b7-11f1-91c3-eeee0a9f1a4c.OPERATION#flowable-async-job-executor-thread-29078#
[StartContentDeployStep] Checking status of module content deployment "loyalty-rewards-app-deployer" in service "loyalty-rewards-html5-repo-host"...#
#2026 08 14 08:07:51.590#Z#DEBUG#2a9679fe-97b7-11f1-91c3-eeee0a9f1a4c.OPERATION#flowable-async-job-executor-thread-29078#
[StartContentDeployStep] Deleting content deployment resource "e3a06b97-4ab9-460f-bc7a-758b6cf38bbb"...#
#2026 08 14 08:07:51.629#Z#DEBUG#2a9679fe-97b7-11f1-91c3-eeee0a9f1a4c.OPERATION#flowable-async-job-executor-thread-29078#
Step "Start Content Deploy" finished#
#2026 08 14 08:07:51.621#Z#INFO#2a9679fe-97b7-11f1-91c3-eeee0a9f1a4c.OPERATION#pool-21-thread-4#
[UploadAppStep] Started async upload of application "loyalty-rewards-db-deployer"#
#2026 08 14 08:07:51.627#Z#INFO#2a9679fe-97b7-11f1-91c3-eeee0a9f1a4c.OPERATION#flowable-async-job-executor-thread-29077#
[UploadAppStep] Time elapsed for upload: 296 in millis#
#2026 08 14 08:07:51.627#Z#DEBUG#2a9679fe-97b7-11f1-91c3-eeee0a9f1a4c.OPERATION#flowable-async-job-executor-thread-29077#
[UploadAppStep] Getting application "loyalty-rewards-db-deployer"...#
#2026 08 14 08:07:51.650#Z#DEBUG#2a9679fe-97b7-11f1-91c3-eeee0a9f1a4c.OPERATION#App upload monitor: 09c58583-f02a-44b2-bea2-35f324bfea9e#
[UploadAppStep] Upload status: PROCESSING_UPLOAD#
#2026 08 14 08:07:51.652#Z#DEBUG#2a9679fe-97b7-11f1-91c3-eeee0a9f1a4c.OPERATION#flowable-async-job-executor-thread-29077#
[UploadAppStep] Getting environment of application "14abe4c7-062a-499e-b7d4-4f73c68d95af"...#
#2026 08 14 08:07:51.688#Z#DEBUG#2a9679fe-97b7-11f1-91c3-eeee0a9f1a4c.OPERATION#flowable-async-job-executor-thread-29077#
[UploadAppStep] Updating environment of application "loyalty-rewards-db-deployer"#
#2026 08 14 08:07:51.761#Z#DEBUG#2a9679fe-97b7-11f1-91c3-eeee0a9f1a4c.OPERATION#flowable-async-job-executor-thread-29077#
Step "Upload App" finished#
#2026 08 14 08:07:56.676#Z#DEBUG#2a9679fe-97b7-11f1-91c3-eeee0a9f1a4c.OPERATION#App upload monitor: 09c58583-f02a-44b2-bea2-35f324bfea9e#
[UploadAppStep] Upload status: READY#
#2026 08 14 08:08:01.232#Z#DEBUG#2a9679fe-97b7-11f1-91c3-eeee0a9f1a4c.OPERATION#flowable-async-job-executor-thread-29083#
[UploadAppStep] Executing task "uploadAppTask" of process "390256ef-97b7-11f1-91c3-eeee0a9f1a4c"...#
#2026 08 14 08:08:01.234#Z#DEBUG#2a9679fe-97b7-11f1-91c3-eeee0a9f1a4c.OPERATION#flowable-async-job-executor-thread-29083#
[UploadAppStep] Application upload timeout is default one: 3,600 seconds#
#2026 08 14 08:08:01.235#Z#DEBUG#2a9679fe-97b7-11f1-91c3-eeee0a9f1a4c.OPERATION#flowable-async-job-executor-thread-29083#
[UploadAppStep] Checking upload status of application "loyalty-rewards-db-deployer"...#
#2026 08 14 08:08:01.236#Z#DEBUG#2a9679fe-97b7-11f1-91c3-eeee0a9f1a4c.OPERATION#flowable-async-job-executor-thread-29083#
[UploadAppStep] Getting package "09c58583-f02a-44b2-bea2-35f324bfea9e"...#
#2026 08 14 08:08:01.265#Z#DEBUG#2a9679fe-97b7-11f1-91c3-eeee0a9f1a4c.OPERATION#flowable-async-job-executor-thread-29083#
[UploadAppStep] Application "loyalty-rewards-db-deployer" uploaded#
#2026 08 14 08:08:01.266#Z#DEBUG#2a9679fe-97b7-11f1-91c3-eeee0a9f1a4c.OPERATION#flowable-async-job-executor-thread-29083#
Step "Upload App" finished#
#2026 08 14 08:08:01.301#Z#DEBUG#2a9679fe-97b7-11f1-91c3-eeee0a9f1a4c.OPERATION#flowable-async-job-executor-thread-29083#
[ScaleAppStep] Executing task "scaleAppTask" of process "390256ef-97b7-11f1-91c3-eeee0a9f1a4c"...#
#2026 08 14 08:08:01.304#Z#DEBUG#2a9679fe-97b7-11f1-91c3-eeee0a9f1a4c.OPERATION#flowable-async-job-executor-thread-29083#
[ScaleAppStep] Scaling application "loyalty-rewards-db-deployer"...#
#2026 08 14 08:08:01.304#Z#DEBUG#2a9679fe-97b7-11f1-91c3-eeee0a9f1a4c.OPERATION#flowable-async-job-executor-thread-29083#
[ScaleAppStep] Getting application guid "loyalty-rewards-db-deployer"...#
#2026 08 14 08:08:01.341#Z#DEBUG#2a9679fe-97b7-11f1-91c3-eeee0a9f1a4c.OPERATION#flowable-async-job-executor-thread-29083#
[ScaleAppStep] Getting process for application "14abe4c7-062a-499e-b7d4-4f73c68d95af"...#
#2026 08 14 08:08:01.385#Z#DEBUG#2a9679fe-97b7-11f1-91c3-eeee0a9f1a4c.OPERATION#flowable-async-job-executor-thread-29083#
[ScaleAppStep] Application "loyalty-rewards-db-deployer" scaled#
#2026 08 14 08:08:01.385#Z#DEBUG#2a9679fe-97b7-11f1-91c3-eeee0a9f1a4c.OPERATION#flowable-async-job-executor-thread-29083#
Step "Scale App" finished#
#2026 08 14 08:08:01.193#Z#DEBUG#2a9679fe-97b7-11f1-91c3-eeee0a9f1a4c.OPERATION#flowable-async-job-executor-thread-14966#
[BindServiceToApplicationStep] Executing task "bindServiceToApplicationTask" of process "3825651b-97b7-11f1-9d40-eeee0a978ff2"...#
#2026 08 14 08:08:01.197#Z#DEBUG#2a9679fe-97b7-11f1-91c3-eeee0a9f1a4c.OPERATION#flowable-async-job-executor-thread-14966#
[BindServiceToApplicationStep] Getting async job "1259ecf8-3b7d-4f0e-9408-4246aedb7fad"#
#2026 08 14 08:08:01.241#Z#DEBUG#2a9679fe-97b7-11f1-91c3-eeee0a9f1a4c.OPERATION#flowable-async-job-executor-thread-14966#
[BindServiceToApplicationStep] Getting service instance "loyalty-rewards-destination-service"...#
#2026 08 14 08:08:01.393#Z#DEBUG#2a9679fe-97b7-11f1-91c3-eeee0a9f1a4c.OPERATION#flowable-async-job-executor-thread-14966#
[BindServiceToApplicationStep] Async service binding operation with id "1259ecf8-3b7d-4f0e-9408-4246aedb7fad" finished#
#2026 08 14 08:08:01.400#Z#DEBUG#2a9679fe-97b7-11f1-91c3-eeee0a9f1a4c.OPERATION#flowable-async-job-executor-thread-14966#
Step "Bind Service to Application" finished#
#2026 08 14 08:08:01.267#Z#DEBUG#2a9679fe-97b7-11f1-91c3-eeee0a9f1a4c.OPERATION#flowable-async-job-executor-thread-16315#
[BindServiceToApplicationStep] Executing task "bindServiceToApplicationTask" of process "3819a4d6-97b7-11f1-91c3-eeee0a9f1a4c"...#
#2026 08 14 08:08:01.269#Z#DEBUG#2a9679fe-97b7-11f1-91c3-eeee0a9f1a4c.OPERATION#flowable-async-job-executor-thread-16315#
[BindServiceToApplicationStep] Getting async job "c4dd3dac-3e0c-451f-9356-b6e0bd17907a"#
#2026 08 14 08:08:01.270#Z#DEBUG#2a9679fe-97b7-11f1-91c3-eeee0a9f1a4c.OPERATION#flowable-async-job-executor-thread-16310#
[BindServiceToApplicationStep] Executing task "bindServiceToApplicationTask" of process "36b310c6-97b7-11f1-b71a-eeee0a862d34"...#
#2026 08 14 08:08:01.273#Z#DEBUG#2a9679fe-97b7-11f1-91c3-eeee0a9f1a4c.OPERATION#flowable-async-job-executor-thread-16310#
[BindServiceToApplicationStep] Getting async job "4f26e349-066e-488b-a2a0-14677acb1aad"#
#2026 08 14 08:08:01.298#Z#DEBUG#2a9679fe-97b7-11f1-91c3-eeee0a9f1a4c.OPERATION#flowable-async-job-executor-thread-16310#
[BindServiceToApplicationStep] Getting service instance "loyalty-rewards-auth"...#
#2026 08 14 08:08:01.300#Z#DEBUG#2a9679fe-97b7-11f1-91c3-eeee0a9f1a4c.OPERATION#flowable-async-job-executor-thread-16315#
[BindServiceToApplicationStep] Getting service instance "loyalty-rewards-html5-runtime"...#
#2026 08 14 08:08:01.408#Z#DEBUG#2a9679fe-97b7-11f1-91c3-eeee0a9f1a4c.OPERATION#flowable-async-job-executor-thread-16315#
[BindServiceToApplicationStep] Async service binding operation with id "c4dd3dac-3e0c-451f-9356-b6e0bd17907a" finished#
#2026 08 14 08:08:01.410#Z#DEBUG#2a9679fe-97b7-11f1-91c3-eeee0a9f1a4c.OPERATION#flowable-async-job-executor-thread-16315#
Step "Bind Service to Application" finished#
#2026 08 14 08:08:01.414#Z#DEBUG#2a9679fe-97b7-11f1-91c3-eeee0a9f1a4c.OPERATION#flowable-async-job-executor-thread-16310#
[BindServiceToApplicationStep] Async service binding operation with id "4f26e349-066e-488b-a2a0-14677acb1aad" finished#
#2026 08 14 08:08:01.415#Z#DEBUG#2a9679fe-97b7-11f1-91c3-eeee0a9f1a4c.OPERATION#flowable-async-job-executor-thread-16310#
Step "Bind Service to Application" finished#
#2026 08 14 08:08:01.415#Z#DEBUG#2a9679fe-97b7-11f1-91c3-eeee0a9f1a4c.OPERATION#flowable-async-job-executor-thread-29083#
[DetermineDesiredStateAchievingActionsStep] Executing task "determineDesiredStateAchievingActionsTask" of process "390256ef-97b7-11f1-91c3-eeee0a9f1a4c"...#
#2026 08 14 08:08:01.417#Z#DEBUG#2a9679fe-97b7-11f1-91c3-eeee0a9f1a4c.OPERATION#flowable-async-job-executor-thread-29083#
[DetermineDesiredStateAchievingActionsStep] Getting application "loyalty-rewards-db-deployer"...#
#2026 08 14 08:08:01.450#Z#DEBUG#2a9679fe-97b7-11f1-91c3-eeee0a9f1a4c.OPERATION#flowable-async-job-executor-thread-29083#
[DetermineDesiredStateAchievingActionsStep] Getting instances for application "loyalty-rewards-db-deployer"...#
#2026 08 14 08:08:01.450#Z#DEBUG#2a9679fe-97b7-11f1-91c3-eeee0a9f1a4c.OPERATION#flowable-async-job-executor-thread-29083#
[DetermineDesiredStateAchievingActionsStep] Getting environment of application "14abe4c7-062a-499e-b7d4-4f73c68d95af"...#
#2026 08 14 08:08:01.491#Z#DEBUG#2a9679fe-97b7-11f1-91c3-eeee0a9f1a4c.OPERATION#flowable-async-job-executor-thread-29083#
[DetermineDesiredStateAchievingActionsStep] Current state of application loyalty-rewards-db-deployer: STOPPED#
#2026 08 14 08:08:01.491#Z#DEBUG#2a9679fe-97b7-11f1-91c3-eeee0a9f1a4c.OPERATION#flowable-async-job-executor-thread-29083#
[DetermineDesiredStateAchievingActionsStep] Desired state of application loyalty-rewards-db-deployer: STOPPED#
#2026 08 14 08:08:01.491#Z#DEBUG#2a9679fe-97b7-11f1-91c3-eeee0a9f1a4c.OPERATION#flowable-async-job-executor-thread-29083#
[DetermineDesiredStateAchievingActionsStep] Actions that should be executed on application loyalty-rewards-db-deployer: [STAGE]#
#2026 08 14 08:08:01.491#Z#DEBUG#2a9679fe-97b7-11f1-91c3-eeee0a9f1a4c.OPERATION#flowable-async-job-executor-thread-29083#
Step "Determine Desired State Achieving Actions" finished#
#2026 08 14 08:08:01.196#Z#DEBUG#2a9679fe-97b7-11f1-91c3-eeee0a9f1a4c.OPERATION#flowable-async-job-executor-thread-14965#
[UploadAppStep] Executing task "uploadAppTask" of process "3ec43067-97b7-11f1-b71a-eeee0a862d34"...#
#2026 08 14 08:08:01.202#Z#DEBUG#2a9679fe-97b7-11f1-91c3-eeee0a9f1a4c.OPERATION#flowable-async-job-executor-thread-14965#
[UploadAppStep] Application upload timeout is default one: 3,600 seconds#
#2026 08 14 08:08:01.206#Z#DEBUG#2a9679fe-97b7-11f1-91c3-eeee0a9f1a4c.OPERATION#pool-21-thread-4#
[UploadAppStep] Upload of application: loyalty-rewards-srv started on instance: 0#
#2026 08 14 08:08:01.206#Z#DEBUG#2a9679fe-97b7-11f1-91c3-eeee0a9f1a4c.OPERATION#pool-21-thread-4#
[UploadAppStep] Uploading file "loyalty-rewards-srv/data.zip" for application "loyalty-rewards-srv"#
#2026 08 14 08:08:01.533#Z#INFO#2a9679fe-97b7-11f1-91c3-eeee0a9f1a4c.OPERATION#pool-21-thread-4#
[UploadAppStep] Time elapsed for app binary download: 327 in millis#
#2026 08 14 08:08:01.533#Z#INFO#2a9679fe-97b7-11f1-91c3-eeee0a9f1a4c.OPERATION#pool-21-thread-4#
[UploadAppStep] Size of app loyalty-rewards-srv is 4,924,175 bytes#
#2026 08 14 08:08:01.533#Z#DEBUG#2a9679fe-97b7-11f1-91c3-eeee0a9f1a4c.OPERATION#pool-21-thread-4#
[UploadAppStep] Asynchronously uploading binaries for application "loyalty-rewards-srv"...#
#2026 08 14 08:08:01.800#Z#INFO#2a9679fe-97b7-11f1-91c3-eeee0a9f1a4c.OPERATION#pool-21-thread-4#
[UploadAppStep] Started async upload of application "loyalty-rewards-srv"#
#2026 08 14 08:08:01.808#Z#INFO#2a9679fe-97b7-11f1-91c3-eeee0a9f1a4c.OPERATION#flowable-async-job-executor-thread-14965#
[UploadAppStep] Time elapsed for upload: 606 in millis#
#2026 08 14 08:08:01.808#Z#DEBUG#2a9679fe-97b7-11f1-91c3-eeee0a9f1a4c.OPERATION#flowable-async-job-executor-thread-14965#
[UploadAppStep] Getting application "loyalty-rewards-srv"...#
#2026 08 14 08:08:01.832#Z#DEBUG#2a9679fe-97b7-11f1-91c3-eeee0a9f1a4c.OPERATION#App upload monitor: 2f037eb2-0484-438e-9cd0-6d0f67dcf280#
[UploadAppStep] Upload status: PROCESSING_UPLOAD#
#2026 08 14 08:08:01.836#Z#DEBUG#2a9679fe-97b7-11f1-91c3-eeee0a9f1a4c.OPERATION#flowable-async-job-executor-thread-14965#
[UploadAppStep] Getting environment of application "f923befe-21d1-4fb4-b72b-f81c31059c6d"...#
#2026 08 14 08:08:01.868#Z#DEBUG#2a9679fe-97b7-11f1-91c3-eeee0a9f1a4c.OPERATION#flowable-async-job-executor-thread-14965#
[UploadAppStep] Updating environment of application "loyalty-rewards-srv"#
#2026 08 14 08:08:01.949#Z#DEBUG#2a9679fe-97b7-11f1-91c3-eeee0a9f1a4c.OPERATION#flowable-async-job-executor-thread-14965#
Step "Upload App" finished#
#2026 08 14 08:08:01.522#Z#DEBUG#2a9679fe-97b7-11f1-91c3-eeee0a9f1a4c.OPERATION#flowable-async-job-executor-thread-29083#
[StageAppStep] Executing task "stageAppTask" of process "390256ef-97b7-11f1-91c3-eeee0a9f1a4c"...#
#2026 08 14 08:08:01.524#Z#DEBUG#2a9679fe-97b7-11f1-91c3-eeee0a9f1a4c.OPERATION#flowable-async-job-executor-thread-29083#
[StageAppStep] Application stage timeout is default one: 3,600 seconds#
#2026 08 14 08:08:01.526#Z#INFO#2a9679fe-97b7-11f1-91c3-eeee0a9f1a4c.OPERATION#flowable-async-job-executor-thread-29083#
[StageAppStep] Staging application "loyalty-rewards-db-deployer"...#
#2026 08 14 08:08:01.530#Z#DEBUG#2a9679fe-97b7-11f1-91c3-eeee0a9f1a4c.OPERATION#flowable-async-job-executor-thread-29083#
[StageAppStep] Creating build for package "09c58583-f02a-44b2-bea2-35f324bfea9e"...#
#2026 08 14 08:08:02.043#Z#DEBUG#2a9679fe-97b7-11f1-91c3-eeee0a9f1a4c.OPERATION#flowable-async-job-executor-thread-29083#
Step "Stage App" finished#
#2026 08 14 08:08:04.286#Z#DEBUG#2a9679fe-97b7-11f1-91c3-eeee0a9f1a4c.OPERATION#flowable-async-job-executor-thread-29082#
[DetermineVcapServicesPropertiesChangedStep] Executing task "determineVcapServicesPropertiesChangedTask" of process "4678fecb-97b7-11f1-b71a-eeee0a862d34"...#
#2026 08 14 08:08:04.289#Z#DEBUG#2a9679fe-97b7-11f1-91c3-eeee0a9f1a4c.OPERATION#flowable-async-job-executor-thread-29082#
[DetermineVcapServicesPropertiesChangedStep] VCAP_SERVICES properties for application "loyalty-rewards" changed: true#
#2026 08 14 08:08:04.289#Z#DEBUG#2a9679fe-97b7-11f1-91c3-eeee0a9f1a4c.OPERATION#flowable-async-job-executor-thread-29082#
Step "Determine vcap services properties changed" finished#
#2026 08 14 08:08:04.318#Z#DEBUG#2a9679fe-97b7-11f1-91c3-eeee0a9f1a4c.OPERATION#flowable-async-job-executor-thread-29082#
[UploadAppStep] Executing task "uploadAppTask" of process "4678fecb-97b7-11f1-b71a-eeee0a862d34"...#
#2026 08 14 08:08:04.321#Z#DEBUG#2a9679fe-97b7-11f1-91c3-eeee0a9f1a4c.OPERATION#flowable-async-job-executor-thread-29082#
[UploadAppStep] Application upload timeout is default one: 3,600 seconds#
#2026 08 14 08:08:04.321#Z#INFO#2a9679fe-97b7-11f1-91c3-eeee0a9f1a4c.OPERATION#flowable-async-job-executor-thread-29082#
[UploadAppStep] Uploading application "loyalty-rewards"...#
#2026 08 14 08:08:04.325#Z#DEBUG#2a9679fe-97b7-11f1-91c3-eeee0a9f1a4c.OPERATION#flowable-async-job-executor-thread-29082#
[UploadAppStep] Getting application "loyalty-rewards"...#
#2026 08 14 08:08:04.354#Z#DEBUG#2a9679fe-97b7-11f1-91c3-eeee0a9f1a4c.OPERATION#flowable-async-job-executor-thread-29082#
[UploadAppStep] Getting environment of application "d3e0f941-7b61-4f8d-974e-4f6f681f7d80"...#
#2026 08 14 08:08:04.381#Z#INFO#2a9679fe-97b7-11f1-91c3-eeee0a9f1a4c.OPERATION#flowable-async-job-executor-thread-29082#
[UploadAppStep] Calculating application digest: "loyalty-rewards"#
#2026 08 14 08:08:04.410#Z#DEBUG#2a9679fe-97b7-11f1-91c3-eeee0a9f1a4c.OPERATION#flowable-async-job-executor-thread-29082#
Step "Upload App" finished#
#2026 08 14 08:08:11.401#Z#DEBUG#2a9679fe-97b7-11f1-91c3-eeee0a9f1a4c.OPERATION#flowable-async-job-executor-thread-16322#
[UploadAppStep] Executing task "uploadAppTask" of process "3ec43067-97b7-11f1-b71a-eeee0a862d34"...#
#2026 08 14 08:08:11.405#Z#DEBUG#2a9679fe-97b7-11f1-91c3-eeee0a9f1a4c.OPERATION#flowable-async-job-executor-thread-16322#
[UploadAppStep] Application upload timeout is default one: 3,600 seconds#
#2026 08 14 08:08:11.405#Z#DEBUG#2a9679fe-97b7-11f1-91c3-eeee0a9f1a4c.OPERATION#flowable-async-job-executor-thread-16322#
[UploadAppStep] Checking upload status of application "loyalty-rewards-srv"...#
#2026 08 14 08:08:11.406#Z#DEBUG#2a9679fe-97b7-11f1-91c3-eeee0a9f1a4c.OPERATION#flowable-async-job-executor-thread-16322#
[UploadAppStep] Getting package "2f037eb2-0484-438e-9cd0-6d0f67dcf280"...#
#2026 08 14 08:08:11.434#Z#DEBUG#2a9679fe-97b7-11f1-91c3-eeee0a9f1a4c.OPERATION#flowable-async-job-executor-thread-16322#
[UploadAppStep] Application "loyalty-rewards-srv" uploaded#
#2026 08 14 08:08:11.435#Z#DEBUG#2a9679fe-97b7-11f1-91c3-eeee0a9f1a4c.OPERATION#flowable-async-job-executor-thread-16322#
Step "Upload App" finished#
#2026 08 14 08:08:11.472#Z#DEBUG#2a9679fe-97b7-11f1-91c3-eeee0a9f1a4c.OPERATION#flowable-async-job-executor-thread-16324#
[ScaleAppStep] Executing task "scaleAppTask" of process "3ec43067-97b7-11f1-b71a-eeee0a862d34"...#
#2026 08 14 08:08:11.475#Z#DEBUG#2a9679fe-97b7-11f1-91c3-eeee0a9f1a4c.OPERATION#flowable-async-job-executor-thread-16324#
[ScaleAppStep] Scaling application "loyalty-rewards-srv"...#
#2026 08 14 08:08:11.475#Z#DEBUG#2a9679fe-97b7-11f1-91c3-eeee0a9f1a4c.OPERATION#flowable-async-job-executor-thread-16324#
[ScaleAppStep] Getting application guid "loyalty-rewards-srv"...#
#2026 08 14 08:08:11.512#Z#DEBUG#2a9679fe-97b7-11f1-91c3-eeee0a9f1a4c.OPERATION#flowable-async-job-executor-thread-16324#
[ScaleAppStep] Getting process for application "f923befe-21d1-4fb4-b72b-f81c31059c6d"...#
#2026 08 14 08:08:11.540#Z#DEBUG#2a9679fe-97b7-11f1-91c3-eeee0a9f1a4c.OPERATION#flowable-async-job-executor-thread-16324#
[ScaleAppStep] Application "loyalty-rewards-srv" scaled#
#2026 08 14 08:08:11.540#Z#DEBUG#2a9679fe-97b7-11f1-91c3-eeee0a9f1a4c.OPERATION#flowable-async-job-executor-thread-16324#
Step "Scale App" finished#
#2026 08 14 08:08:11.404#Z#DEBUG#2a9679fe-97b7-11f1-91c3-eeee0a9f1a4c.OPERATION#flowable-async-job-executor-thread-16323#
[StageAppStep] Executing task "stageAppTask" of process "390256ef-97b7-11f1-91c3-eeee0a9f1a4c"...#
#2026 08 14 08:08:11.406#Z#DEBUG#2a9679fe-97b7-11f1-91c3-eeee0a9f1a4c.OPERATION#flowable-async-job-executor-thread-16323#
[StageAppStep] Application stage timeout is default one: 3,600 seconds#
#2026 08 14 08:08:11.407#Z#DEBUG#2a9679fe-97b7-11f1-91c3-eeee0a9f1a4c.OPERATION#flowable-async-job-executor-thread-16323#
[StageAppStep] Checking status of application "loyalty-rewards-db-deployer"...#
#2026 08 14 08:08:11.407#Z#DEBUG#2a9679fe-97b7-11f1-91c3-eeee0a9f1a4c.OPERATION#flowable-async-job-executor-thread-16323#
[StageAppStep] Getting build "312fa43b-d725-4023-a5aa-b54d36663841"...#
#2026 08 14 08:08:11.452#Z#DEBUG#2a9679fe-97b7-11f1-91c3-eeee0a9f1a4c.OPERATION#flowable-async-job-executor-thread-16323#
[StageAppStep] Staging status of application "loyalty-rewards-db-deployer": PENDING#
#2026 08 14 08:08:11.454#Z#DEBUG#2a9679fe-97b7-11f1-91c3-eeee0a9f1a4c.OPERATION#flowable-async-job-executor-thread-16323#
[StageAppStep] Getting application guid "loyalty-rewards-db-deployer"...#
#2026 08 14 08:08:11.548#Z#DEBUG#2a9679fe-97b7-11f1-91c3-eeee0a9f1a4c.OPERATION#flowable-async-job-executor-thread-16323#
Step "Stage App" finished#
#2026 08 14 08:08:11.575#Z#DEBUG#2a9679fe-97b7-11f1-91c3-eeee0a9f1a4c.OPERATION#flowable-async-job-executor-thread-16325#
[DetermineDesiredStateAchievingActionsStep] Executing task "determineDesiredStateAchievingActionsTask" of process "3ec43067-97b7-11f1-b71a-eeee0a862d34"...#
#2026 08 14 08:08:11.577#Z#DEBUG#2a9679fe-97b7-11f1-91c3-eeee0a9f1a4c.OPERATION#flowable-async-job-executor-thread-16325#
[DetermineDesiredStateAchievingActionsStep] Getting application "loyalty-rewards-srv"...#
#2026 08 14 08:08:11.606#Z#DEBUG#2a9679fe-97b7-11f1-91c3-eeee0a9f1a4c.OPERATION#flowable-async-job-executor-thread-16325#
[DetermineDesiredStateAchievingActionsStep] Getting instances for application "loyalty-rewards-srv"...#
#2026 08 14 08:08:11.652#Z#DEBUG#2a9679fe-97b7-11f1-91c3-eeee0a9f1a4c.OPERATION#flowable-async-job-executor-thread-16325#
[DetermineDesiredStateAchievingActionsStep] Getting environment of application "f923befe-21d1-4fb4-b72b-f81c31059c6d"...#
#2026 08 14 08:08:11.688#Z#DEBUG#2a9679fe-97b7-11f1-91c3-eeee0a9f1a4c.OPERATION#flowable-async-job-executor-thread-16325#
[DetermineDesiredStateAchievingActionsStep] Current state of application loyalty-rewards-srv: STARTED#
#2026 08 14 08:08:11.688#Z#DEBUG#2a9679fe-97b7-11f1-91c3-eeee0a9f1a4c.OPERATION#flowable-async-job-executor-thread-16325#
[DetermineDesiredStateAchievingActionsStep] Desired state of application loyalty-rewards-srv: STARTED#
#2026 08 14 08:08:11.688#Z#DEBUG#2a9679fe-97b7-11f1-91c3-eeee0a9f1a4c.OPERATION#flowable-async-job-executor-thread-16325#
[DetermineDesiredStateAchievingActionsStep] Actions that should be executed on application loyalty-rewards-srv: [STOP, STAGE, START]#
#2026 08 14 08:08:11.688#Z#DEBUG#2a9679fe-97b7-11f1-91c3-eeee0a9f1a4c.OPERATION#flowable-async-job-executor-thread-16325#
Step "Determine Desired State Achieving Actions" finished#
#2026 08 14 08:08:06.861#Z#DEBUG#2a9679fe-97b7-11f1-91c3-eeee0a9f1a4c.OPERATION#App upload monitor: 2f037eb2-0484-438e-9cd0-6d0f67dcf280#
[UploadAppStep] Upload status: PROCESSING_UPLOAD#
#2026 08 14 08:08:11.324#Z#DEBUG#2a9679fe-97b7-11f1-91c3-eeee0a9f1a4c.OPERATION#flowable-async-job-executor-thread-14972#
[UploadAppStep] Executing task "uploadAppTask" of process "4678fecb-97b7-11f1-b71a-eeee0a862d34"...#
#2026 08 14 08:08:11.327#Z#DEBUG#2a9679fe-97b7-11f1-91c3-eeee0a9f1a4c.OPERATION#flowable-async-job-executor-thread-14972#
[UploadAppStep] Application upload timeout is default one: 3,600 seconds#
#2026 08 14 08:08:11.330#Z#DEBUG#2a9679fe-97b7-11f1-91c3-eeee0a9f1a4c.OPERATION#pool-21-thread-4#
[UploadAppStep] Upload of application: loyalty-rewards started on instance: 0#
#2026 08 14 08:08:11.330#Z#DEBUG#2a9679fe-97b7-11f1-91c3-eeee0a9f1a4c.OPERATION#pool-21-thread-4#
[UploadAppStep] Uploading file "loyalty-rewards/data.zip" for application "loyalty-rewards"#
#2026 08 14 08:08:11.398#Z#INFO#2a9679fe-97b7-11f1-91c3-eeee0a9f1a4c.OPERATION#pool-21-thread-4#
[UploadAppStep] Time elapsed for app binary download: 67 in millis#
#2026 08 14 08:08:11.398#Z#INFO#2a9679fe-97b7-11f1-91c3-eeee0a9f1a4c.OPERATION#pool-21-thread-4#
[UploadAppStep] Size of app loyalty-rewards is 939 bytes#
#2026 08 14 08:08:11.398#Z#DEBUG#2a9679fe-97b7-11f1-91c3-eeee0a9f1a4c.OPERATION#pool-21-thread-4#
[UploadAppStep] Asynchronously uploading binaries for application "loyalty-rewards"...#
#2026 08 14 08:08:11.577#Z#INFO#2a9679fe-97b7-11f1-91c3-eeee0a9f1a4c.OPERATION#pool-21-thread-4#
[UploadAppStep] Started async upload of application "loyalty-rewards"#
#2026 08 14 08:08:11.590#Z#INFO#2a9679fe-97b7-11f1-91c3-eeee0a9f1a4c.OPERATION#flowable-async-job-executor-thread-14972#
[UploadAppStep] Time elapsed for upload: 262 in millis#
#2026 08 14 08:08:11.590#Z#DEBUG#2a9679fe-97b7-11f1-91c3-eeee0a9f1a4c.OPERATION#flowable-async-job-executor-thread-14972#
[UploadAppStep] Getting application "loyalty-rewards"...#
#2026 08 14 08:08:11.613#Z#DEBUG#2a9679fe-97b7-11f1-91c3-eeee0a9f1a4c.OPERATION#App upload monitor: eb76032f-0477-4167-aebd-2c981eb67d3e#
[UploadAppStep] Upload status: PROCESSING_UPLOAD#
#2026 08 14 08:08:11.625#Z#DEBUG#2a9679fe-97b7-11f1-91c3-eeee0a9f1a4c.OPERATION#flowable-async-job-executor-thread-14972#
[UploadAppStep] Getting environment of application "d3e0f941-7b61-4f8d-974e-4f6f681f7d80"...#
#2026 08 14 08:08:11.673#Z#DEBUG#2a9679fe-97b7-11f1-91c3-eeee0a9f1a4c.OPERATION#flowable-async-job-executor-thread-14972#
[UploadAppStep] Updating environment of application "loyalty-rewards"#
#2026 08 14 08:08:11.746#Z#DEBUG#2a9679fe-97b7-11f1-91c3-eeee0a9f1a4c.OPERATION#flowable-async-job-executor-thread-14972#
Step "Upload App" finished#
#2026 08 14 08:08:11.888#Z#DEBUG#2a9679fe-97b7-11f1-91c3-eeee0a9f1a4c.OPERATION#App upload monitor: 2f037eb2-0484-438e-9cd0-6d0f67dcf280#
[UploadAppStep] Upload status: READY#
#2026 08 14 08:08:11.723#Z#DEBUG#2a9679fe-97b7-11f1-91c3-eeee0a9f1a4c.OPERATION#flowable-async-job-executor-thread-16325#
[StopAppStep] Executing task "stopAppTask" of process "3ec43067-97b7-11f1-b71a-eeee0a862d34"...#
#2026 08 14 08:08:11.727#Z#INFO#2a9679fe-97b7-11f1-91c3-eeee0a9f1a4c.OPERATION#flowable-async-job-executor-thread-16325#
[StopAppStep] Stopping application "loyalty-rewards-srv"...#
#2026 08 14 08:08:11.733#Z#DEBUG#2a9679fe-97b7-11f1-91c3-eeee0a9f1a4c.OPERATION#flowable-async-job-executor-thread-16325#
[StopAppStep] Stopping application "loyalty-rewards-srv"...#
#2026 08 14 08:08:11.877#Z#DEBUG#2a9679fe-97b7-11f1-91c3-eeee0a9f1a4c.OPERATION#flowable-async-job-executor-thread-16325#
[StopAppStep] Application "loyalty-rewards-srv" stopped#
#2026 08 14 08:08:11.877#Z#DEBUG#2a9679fe-97b7-11f1-91c3-eeee0a9f1a4c.OPERATION#flowable-async-job-executor-thread-16325#
[StopAppStep] Getting environment of application "f923befe-21d1-4fb4-b72b-f81c31059c6d"...#
#2026 08 14 08:08:11.908#Z#DEBUG#2a9679fe-97b7-11f1-91c3-eeee0a9f1a4c.OPERATION#flowable-async-job-executor-thread-16325#
Step "Stop App" finished#
#2026 08 14 08:08:11.950#Z#DEBUG#2a9679fe-97b7-11f1-91c3-eeee0a9f1a4c.OPERATION#flowable-async-job-executor-thread-16325#
[StageAppStep] Executing task "stageAppTask" of process "4b0c914f-97b7-11f1-91c3-eeee0a9f1a4c"...#
#2026 08 14 08:08:11.952#Z#DEBUG#2a9679fe-97b7-11f1-91c3-eeee0a9f1a4c.OPERATION#flowable-async-job-executor-thread-16325#
[StageAppStep] Application stage timeout is default one: 3,600 seconds#
#2026 08 14 08:08:11.954#Z#INFO#2a9679fe-97b7-11f1-91c3-eeee0a9f1a4c.OPERATION#flowable-async-job-executor-thread-16325#
[StageAppStep] Staging application "loyalty-rewards-srv"...#
#2026 08 14 08:08:11.959#Z#DEBUG#2a9679fe-97b7-11f1-91c3-eeee0a9f1a4c.OPERATION#flowable-async-job-executor-thread-16325#
[StageAppStep] Creating build for package "2f037eb2-0484-438e-9cd0-6d0f67dcf280"...#
#2026 08 14 08:08:12.345#Z#DEBUG#2a9679fe-97b7-11f1-91c3-eeee0a9f1a4c.OPERATION#flowable-async-job-executor-thread-16325#
Step "Stage App" finished#
#2026 08 14 08:08:16.638#Z#DEBUG#2a9679fe-97b7-11f1-91c3-eeee0a9f1a4c.OPERATION#App upload monitor: eb76032f-0477-4167-aebd-2c981eb67d3e#
[UploadAppStep] Upload status: READY#
#2026 08 14 08:08:21.556#Z#DEBUG#2a9679fe-97b7-11f1-91c3-eeee0a9f1a4c.OPERATION#flowable-async-job-executor-thread-14978#
[UploadAppStep] Executing task "uploadAppTask" of process "4678fecb-97b7-11f1-b71a-eeee0a862d34"...#
#2026 08 14 08:08:21.559#Z#DEBUG#2a9679fe-97b7-11f1-91c3-eeee0a9f1a4c.OPERATION#flowable-async-job-executor-thread-14978#
[UploadAppStep] Application upload timeout is default one: 3,600 seconds#
#2026 08 14 08:08:21.559#Z#DEBUG#2a9679fe-97b7-11f1-91c3-eeee0a9f1a4c.OPERATION#flowable-async-job-executor-thread-14978#
[UploadAppStep] Checking upload status of application "loyalty-rewards"...#
#2026 08 14 08:08:21.560#Z#DEBUG#2a9679fe-97b7-11f1-91c3-eeee0a9f1a4c.OPERATION#flowable-async-job-executor-thread-14978#
[UploadAppStep] Getting package "eb76032f-0477-4167-aebd-2c981eb67d3e"...#
#2026 08 14 08:08:21.586#Z#DEBUG#2a9679fe-97b7-11f1-91c3-eeee0a9f1a4c.OPERATION#flowable-async-job-executor-thread-14978#
[UploadAppStep] Application "loyalty-rewards" uploaded#
#2026 08 14 08:08:21.588#Z#DEBUG#2a9679fe-97b7-11f1-91c3-eeee0a9f1a4c.OPERATION#flowable-async-job-executor-thread-14978#
Step "Upload App" finished#
#2026 08 14 08:08:21.500#Z#DEBUG#2a9679fe-97b7-11f1-91c3-eeee0a9f1a4c.OPERATION#flowable-async-job-executor-thread-14983#
[StageAppStep] Executing task "stageAppTask" of process "4b0c914f-97b7-11f1-91c3-eeee0a9f1a4c"...#
#2026 08 14 08:08:21.504#Z#DEBUG#2a9679fe-97b7-11f1-91c3-eeee0a9f1a4c.OPERATION#flowable-async-job-executor-thread-14983#
[StageAppStep] Application stage timeout is default one: 3,600 seconds#
#2026 08 14 08:08:21.506#Z#DEBUG#2a9679fe-97b7-11f1-91c3-eeee0a9f1a4c.OPERATION#flowable-async-job-executor-thread-14983#
[StageAppStep] Checking status of application "loyalty-rewards-srv"...#
#2026 08 14 08:08:21.506#Z#DEBUG#2a9679fe-97b7-11f1-91c3-eeee0a9f1a4c.OPERATION#flowable-async-job-executor-thread-14983#
[StageAppStep] Getting build "63bbd82c-3eea-4d78-b8b5-64f96460fc38"...#
#2026 08 14 08:08:21.535#Z#DEBUG#2a9679fe-97b7-11f1-91c3-eeee0a9f1a4c.OPERATION#flowable-async-job-executor-thread-14983#
[StageAppStep] Staging status of application "loyalty-rewards-srv": PENDING#
#2026 08 14 08:08:21.536#Z#DEBUG#2a9679fe-97b7-11f1-91c3-eeee0a9f1a4c.OPERATION#flowable-async-job-executor-thread-14983#
[StageAppStep] Getting application guid "loyalty-rewards-srv"...#
#2026 08 14 08:08:21.540#Z#DEBUG#2a9679fe-97b7-11f1-91c3-eeee0a9f1a4c.OPERATION#flowable-async-job-executor-thread-14976#
[StageAppStep] Executing task "stageAppTask" of process "390256ef-97b7-11f1-91c3-eeee0a9f1a4c"...#
#2026 08 14 08:08:21.545#Z#DEBUG#2a9679fe-97b7-11f1-91c3-eeee0a9f1a4c.OPERATION#flowable-async-job-executor-thread-14976#
[StageAppStep] Application stage timeout is default one: 3,600 seconds#
#2026 08 14 08:08:21.549#Z#DEBUG#2a9679fe-97b7-11f1-91c3-eeee0a9f1a4c.OPERATION#flowable-async-job-executor-thread-14976#
[StageAppStep] Checking status of application "loyalty-rewards-db-deployer"...#
#2026 08 14 08:08:21.549#Z#DEBUG#2a9679fe-97b7-11f1-91c3-eeee0a9f1a4c.OPERATION#flowable-async-job-executor-thread-14976#
[StageAppStep] Getting build "312fa43b-d725-4023-a5aa-b54d36663841"...#
#2026 08 14 08:08:21.579#Z#DEBUG#2a9679fe-97b7-11f1-91c3-eeee0a9f1a4c.OPERATION#flowable-async-job-executor-thread-14976#
[StageAppStep] Staging status of application "loyalty-rewards-db-deployer": PENDING#
#2026 08 14 08:08:21.580#Z#DEBUG#2a9679fe-97b7-11f1-91c3-eeee0a9f1a4c.OPERATION#flowable-async-job-executor-thread-14976#
[StageAppStep] Getting application guid "loyalty-rewards-db-deployer"...#
#2026 08 14 08:08:21.634#Z#DEBUG#2a9679fe-97b7-11f1-91c3-eeee0a9f1a4c.OPERATION#flowable-async-job-executor-thread-14983#
Step "Stage App" finished#
#2026 08 14 08:08:21.668#Z#DEBUG#2a9679fe-97b7-11f1-91c3-eeee0a9f1a4c.OPERATION#flowable-async-job-executor-thread-14976#
Step "Stage App" finished#
#2026 08 14 08:08:21.656#Z#DEBUG#2a9679fe-97b7-11f1-91c3-eeee0a9f1a4c.OPERATION#flowable-async-job-executor-thread-14978#
[ScaleAppStep] Executing task "scaleAppTask" of process "4678fecb-97b7-11f1-b71a-eeee0a862d34"...#
#2026 08 14 08:08:21.665#Z#DEBUG#2a9679fe-97b7-11f1-91c3-eeee0a9f1a4c.OPERATION#flowable-async-job-executor-thread-14978#
[ScaleAppStep] Scaling application "loyalty-rewards"...#
#2026 08 14 08:08:21.665#Z#DEBUG#2a9679fe-97b7-11f1-91c3-eeee0a9f1a4c.OPERATION#flowable-async-job-executor-thread-14978#
[ScaleAppStep] Getting application guid "loyalty-rewards"...#
#2026 08 14 08:08:21.702#Z#DEBUG#2a9679fe-97b7-11f1-91c3-eeee0a9f1a4c.OPERATION#flowable-async-job-executor-thread-14978#
[ScaleAppStep] Getting process for application "d3e0f941-7b61-4f8d-974e-4f6f681f7d80"...#
#2026 08 14 08:08:21.743#Z#DEBUG#2a9679fe-97b7-11f1-91c3-eeee0a9f1a4c.OPERATION#flowable-async-job-executor-thread-14978#
[ScaleAppStep] Application "loyalty-rewards" scaled#
#2026 08 14 08:08:21.743#Z#DEBUG#2a9679fe-97b7-11f1-91c3-eeee0a9f1a4c.OPERATION#flowable-async-job-executor-thread-14978#
Step "Scale App" finished#
#2026 08 14 08:08:21.782#Z#DEBUG#2a9679fe-97b7-11f1-91c3-eeee0a9f1a4c.OPERATION#flowable-async-job-executor-thread-14978#
[DetermineDesiredStateAchievingActionsStep] Executing task "determineDesiredStateAchievingActionsTask" of process "4678fecb-97b7-11f1-b71a-eeee0a862d34"...#
#2026 08 14 08:08:21.785#Z#DEBUG#2a9679fe-97b7-11f1-91c3-eeee0a9f1a4c.OPERATION#flowable-async-job-executor-thread-14978#
[DetermineDesiredStateAchievingActionsStep] Getting application "loyalty-rewards"...#
#2026 08 14 08:08:21.814#Z#DEBUG#2a9679fe-97b7-11f1-91c3-eeee0a9f1a4c.OPERATION#flowable-async-job-executor-thread-14978#
[DetermineDesiredStateAchievingActionsStep] Getting instances for application "loyalty-rewards"...#
#2026 08 14 08:08:21.852#Z#DEBUG#2a9679fe-97b7-11f1-91c3-eeee0a9f1a4c.OPERATION#flowable-async-job-executor-thread-14978#
[DetermineDesiredStateAchievingActionsStep] Getting environment of application "d3e0f941-7b61-4f8d-974e-4f6f681f7d80"...#
#2026 08 14 08:08:21.886#Z#DEBUG#2a9679fe-97b7-11f1-91c3-eeee0a9f1a4c.OPERATION#flowable-async-job-executor-thread-14978#
[DetermineDesiredStateAchievingActionsStep] Current state of application loyalty-rewards: STARTED#
#2026 08 14 08:08:21.886#Z#DEBUG#2a9679fe-97b7-11f1-91c3-eeee0a9f1a4c.OPERATION#flowable-async-job-executor-thread-14978#
[DetermineDesiredStateAchievingActionsStep] Desired state of application loyalty-rewards: STARTED#
#2026 08 14 08:08:21.886#Z#DEBUG#2a9679fe-97b7-11f1-91c3-eeee0a9f1a4c.OPERATION#flowable-async-job-executor-thread-14978#
[DetermineDesiredStateAchievingActionsStep] Actions that should be executed on application loyalty-rewards: [STOP, STAGE, START]#
#2026 08 14 08:08:21.886#Z#DEBUG#2a9679fe-97b7-11f1-91c3-eeee0a9f1a4c.OPERATION#flowable-async-job-executor-thread-14978#
Step "Determine Desired State Achieving Actions" finished#
#2026 08 14 08:08:21.972#Z#DEBUG#2a9679fe-97b7-11f1-91c3-eeee0a9f1a4c.OPERATION#flowable-async-job-executor-thread-14978#
[StopAppStep] Executing task "stopAppTask" of process "4678fecb-97b7-11f1-b71a-eeee0a862d34"...#
#2026 08 14 08:08:21.982#Z#INFO#2a9679fe-97b7-11f1-91c3-eeee0a9f1a4c.OPERATION#flowable-async-job-executor-thread-14978#
[StopAppStep] Stopping application "loyalty-rewards"...#
#2026 08 14 08:08:22.003#Z#DEBUG#2a9679fe-97b7-11f1-91c3-eeee0a9f1a4c.OPERATION#flowable-async-job-executor-thread-14978#
[StopAppStep] Stopping application "loyalty-rewards"...#
#2026 08 14 08:08:22.113#Z#DEBUG#2a9679fe-97b7-11f1-91c3-eeee0a9f1a4c.OPERATION#flowable-async-job-executor-thread-14978#
[StopAppStep] Application "loyalty-rewards" stopped#
#2026 08 14 08:08:22.113#Z#DEBUG#2a9679fe-97b7-11f1-91c3-eeee0a9f1a4c.OPERATION#flowable-async-job-executor-thread-14978#
[StopAppStep] Getting environment of application "d3e0f941-7b61-4f8d-974e-4f6f681f7d80"...#
#2026 08 14 08:08:22.152#Z#DEBUG#2a9679fe-97b7-11f1-91c3-eeee0a9f1a4c.OPERATION#flowable-async-job-executor-thread-14978#
Step "Stop App" finished#
#2026 08 14 08:08:22.230#Z#DEBUG#2a9679fe-97b7-11f1-91c3-eeee0a9f1a4c.OPERATION#flowable-async-job-executor-thread-14978#
[StageAppStep] Executing task "stageAppTask" of process "5128702a-97b7-11f1-9d40-eeee0a978ff2"...#
#2026 08 14 08:08:22.233#Z#DEBUG#2a9679fe-97b7-11f1-91c3-eeee0a9f1a4c.OPERATION#flowable-async-job-executor-thread-14978#
[StageAppStep] Application stage timeout is default one: 3,600 seconds#
#2026 08 14 08:08:22.235#Z#INFO#2a9679fe-97b7-11f1-91c3-eeee0a9f1a4c.OPERATION#flowable-async-job-executor-thread-14978#
[StageAppStep] Staging application "loyalty-rewards"...#
#2026 08 14 08:08:22.241#Z#DEBUG#2a9679fe-97b7-11f1-91c3-eeee0a9f1a4c.OPERATION#flowable-async-job-executor-thread-14978#
[StageAppStep] Creating build for package "eb76032f-0477-4167-aebd-2c981eb67d3e"...#
#2026 08 14 08:08:23.772#Z#DEBUG#2a9679fe-97b7-11f1-91c3-eeee0a9f1a4c.OPERATION#flowable-async-job-executor-thread-14978#
Step "Stage App" finished#
#2026 08 14 08:08:31.620#Z#DEBUG#2a9679fe-97b7-11f1-91c3-eeee0a9f1a4c.OPERATION#flowable-async-job-executor-thread-29098#
[StageAppStep] Executing task "stageAppTask" of process "390256ef-97b7-11f1-91c3-eeee0a9f1a4c"...#
#2026 08 14 08:08:31.623#Z#DEBUG#2a9679fe-97b7-11f1-91c3-eeee0a9f1a4c.OPERATION#flowable-async-job-executor-thread-29098#
[StageAppStep] Application stage timeout is default one: 3,600 seconds#
#2026 08 14 08:08:31.625#Z#DEBUG#2a9679fe-97b7-11f1-91c3-eeee0a9f1a4c.OPERATION#flowable-async-job-executor-thread-29098#
[StageAppStep] Checking status of application "loyalty-rewards-db-deployer"...#
#2026 08 14 08:08:31.625#Z#DEBUG#2a9679fe-97b7-11f1-91c3-eeee0a9f1a4c.OPERATION#flowable-async-job-executor-thread-29098#
[StageAppStep] Getting build "312fa43b-d725-4023-a5aa-b54d36663841"...#
#2026 08 14 08:08:31.656#Z#DEBUG#2a9679fe-97b7-11f1-91c3-eeee0a9f1a4c.OPERATION#flowable-async-job-executor-thread-29098#
[StageAppStep] Staging status of application "loyalty-rewards-db-deployer": STAGED#
#2026 08 14 08:08:31.657#Z#DEBUG#2a9679fe-97b7-11f1-91c3-eeee0a9f1a4c.OPERATION#flowable-async-job-executor-thread-29098#
[StageAppStep] Getting application guid "loyalty-rewards-db-deployer"...#
#2026 08 14 08:08:31.663#Z#DEBUG#2a9679fe-97b7-11f1-91c3-eeee0a9f1a4c.OPERATION#flowable-async-job-executor-thread-29096#
[StageAppStep] Executing task "stageAppTask" of process "4b0c914f-97b7-11f1-91c3-eeee0a9f1a4c"...#
#2026 08 14 08:08:31.665#Z#DEBUG#2a9679fe-97b7-11f1-91c3-eeee0a9f1a4c.OPERATION#flowable-async-job-executor-thread-29096#
[StageAppStep] Application stage timeout is default one: 3,600 seconds#
#2026 08 14 08:08:31.665#Z#DEBUG#2a9679fe-97b7-11f1-91c3-eeee0a9f1a4c.OPERATION#flowable-async-job-executor-thread-29096#
[StageAppStep] Checking status of application "loyalty-rewards-srv"...#
#2026 08 14 08:08:31.665#Z#DEBUG#2a9679fe-97b7-11f1-91c3-eeee0a9f1a4c.OPERATION#flowable-async-job-executor-thread-29096#
[StageAppStep] Getting build "63bbd82c-3eea-4d78-b8b5-64f96460fc38"...#
#2026 08 14 08:08:31.701#Z#DEBUG#2a9679fe-97b7-11f1-91c3-eeee0a9f1a4c.OPERATION#flowable-async-job-executor-thread-29096#
[StageAppStep] Staging status of application "loyalty-rewards-srv": PENDING#
#2026 08 14 08:08:31.703#Z#DEBUG#2a9679fe-97b7-11f1-91c3-eeee0a9f1a4c.OPERATION#flowable-async-job-executor-thread-29096#
[StageAppStep] Getting application guid "loyalty-rewards-srv"...#
#2026 08 14 08:08:31.728#Z#DEBUG#2a9679fe-97b7-11f1-91c3-eeee0a9f1a4c.OPERATION#flowable-async-job-executor-thread-29098#
[StageAppStep] Getting build "312fa43b-d725-4023-a5aa-b54d36663841"...#
#2026 08 14 08:08:31.766#Z#DEBUG#2a9679fe-97b7-11f1-91c3-eeee0a9f1a4c.OPERATION#flowable-async-job-executor-thread-29098#
[StageAppStep] Binding droplet "aa8782bc-caac-4ec6-8157-00309eb85721" to application "14abe4c7-062a-499e-b7d4-4f73c68d95af"...#
#2026 08 14 08:08:31.810#Z#DEBUG#2a9679fe-97b7-11f1-91c3-eeee0a9f1a4c.OPERATION#flowable-async-job-executor-thread-29096#
Step "Stage App" finished#
#2026 08 14 08:08:31.822#Z#INFO#2a9679fe-97b7-11f1-91c3-eeee0a9f1a4c.OPERATION#flowable-async-job-executor-thread-29098#
[StageAppStep] Application "loyalty-rewards-db-deployer" staged#
#2026 08 14 08:08:31.831#Z#DEBUG#2a9679fe-97b7-11f1-91c3-eeee0a9f1a4c.OPERATION#flowable-async-job-executor-thread-29098#
Step "Stage App" finished#
#2026 08 14 08:08:31.880#Z#DEBUG#2a9679fe-97b7-11f1-91c3-eeee0a9f1a4c.OPERATION#flowable-async-job-executor-thread-29098#
[StageAppStep] Executing task "stageAppTask" of process "5128702a-97b7-11f1-9d40-eeee0a978ff2"...#
#2026 08 14 08:08:31.884#Z#DEBUG#2a9679fe-97b7-11f1-91c3-eeee0a9f1a4c.OPERATION#flowable-async-job-executor-thread-29098#
[StageAppStep] Application stage timeout is default one: 3,600 seconds#
#2026 08 14 08:08:31.885#Z#DEBUG#2a9679fe-97b7-11f1-91c3-eeee0a9f1a4c.OPERATION#flowable-async-job-executor-thread-29098#
[StageAppStep] Checking status of application "loyalty-rewards"...#
#2026 08 14 08:08:31.885#Z#DEBUG#2a9679fe-97b7-11f1-91c3-eeee0a9f1a4c.OPERATION#flowable-async-job-executor-thread-29098#
[StageAppStep] Getting build "b2b5911c-65d3-4b9d-aab4-086a121b532b"...#
#2026 08 14 08:08:31.916#Z#DEBUG#2a9679fe-97b7-11f1-91c3-eeee0a9f1a4c.OPERATION#flowable-async-job-executor-thread-29098#
[StageAppStep] Staging status of application "loyalty-rewards": PENDING#
#2026 08 14 08:08:31.917#Z#DEBUG#2a9679fe-97b7-11f1-91c3-eeee0a9f1a4c.OPERATION#flowable-async-job-executor-thread-29098#
[StageAppStep] Getting application guid "loyalty-rewards"...#
#2026 08 14 08:08:32.016#Z#DEBUG#2a9679fe-97b7-11f1-91c3-eeee0a9f1a4c.OPERATION#flowable-async-job-executor-thread-29098#
Step "Stage App" finished#
#2026 08 14 08:08:32.030#Z#DEBUG#2a9679fe-97b7-11f1-91c3-eeee0a9f1a4c.OPERATION#flowable-async-job-executor-thread-29100#
[PrepareToExecuteTasksStep] Executing task "prepareToExecuteTasksTask" of process "56f91624-97b7-11f1-b71a-eeee0a862d34"...#
#2026 08 14 08:08:32.032#Z#DEBUG#2a9679fe-97b7-11f1-91c3-eeee0a9f1a4c.OPERATION#flowable-async-job-executor-thread-29100#
Step "Prepare To Execute Tasks" finished#
#2026 08 14 08:08:32.088#Z#DEBUG#2a9679fe-97b7-11f1-91c3-eeee0a9f1a4c.OPERATION#flowable-async-job-executor-thread-29100#
[ExecuteTaskStep] Executing task "executeTaskTask" of process "56f91624-97b7-11f1-b71a-eeee0a862d34"...#
#2026 08 14 08:08:32.091#Z#DEBUG#2a9679fe-97b7-11f1-91c3-eeee0a9f1a4c.OPERATION#flowable-async-job-executor-thread-29100#
[ExecuteTaskStep] Application task execution timeout is default one: 43,200 seconds#
#2026 08 14 08:08:32.094#Z#INFO#2a9679fe-97b7-11f1-91c3-eeee0a9f1a4c.OPERATION#flowable-async-job-executor-thread-29100#
[ExecuteTaskStep] Executing task "deploy" on application "loyalty-rewards-db-deployer"...#
#2026 08 14 08:08:32.105#Z#DEBUG#2a9679fe-97b7-11f1-91c3-eeee0a9f1a4c.OPERATION#flowable-async-job-executor-thread-29100#
[ExecuteTaskStep] Running task on application "loyalty-rewards-db-deployer": {
  "name" : "deploy",
  "command" : "npm start",
  "limits" : {
    "memory" : 256
  }
}#
#2026 08 14 08:08:32.420#Z#DEBUG#2a9679fe-97b7-11f1-91c3-eeee0a9f1a4c.OPERATION#flowable-async-job-executor-thread-29100#
Step "Execute Task" finished#
#2026 08 14 08:08:41.759#Z#DEBUG#2a9679fe-97b7-11f1-91c3-eeee0a9f1a4c.OPERATION#flowable-async-job-executor-thread-29107#
[ExecuteTaskStep] Executing task "executeTaskTask" of process "56f91624-97b7-11f1-b71a-eeee0a862d34"...#
#2026 08 14 08:08:41.762#Z#DEBUG#2a9679fe-97b7-11f1-91c3-eeee0a9f1a4c.OPERATION#flowable-async-job-executor-thread-29107#
[ExecuteTaskStep] Application task execution timeout is default one: 43,200 seconds#
#2026 08 14 08:08:41.764#Z#DEBUG#2a9679fe-97b7-11f1-91c3-eeee0a9f1a4c.OPERATION#flowable-async-job-executor-thread-29107#
[ExecuteTaskStep] Getting task "f28dff71-9e6f-4c07-a5b9-1180d5616327"...#
#2026 08 14 08:08:41.795#Z#DEBUG#2a9679fe-97b7-11f1-91c3-eeee0a9f1a4c.OPERATION#flowable-async-job-executor-thread-29107#
[ExecuteTaskStep] Task execution status: running#
#2026 08 14 08:08:41.797#Z#DEBUG#2a9679fe-97b7-11f1-91c3-eeee0a9f1a4c.OPERATION#flowable-async-job-executor-thread-29107#
[ExecuteTaskStep] Getting application guid "loyalty-rewards-db-deployer"...#
#2026 08 14 08:08:41.900#Z#DEBUG#2a9679fe-97b7-11f1-91c3-eeee0a9f1a4c.OPERATION#flowable-async-job-executor-thread-29107#
Step "Execute Task" finished#
#2026 08 14 08:08:41.767#Z#DEBUG#2a9679fe-97b7-11f1-91c3-eeee0a9f1a4c.OPERATION#flowable-async-job-executor-thread-16344#
[StageAppStep] Executing task "stageAppTask" of process "5128702a-97b7-11f1-9d40-eeee0a978ff2"...#
#2026 08 14 08:08:41.770#Z#DEBUG#2a9679fe-97b7-11f1-91c3-eeee0a9f1a4c.OPERATION#flowable-async-job-executor-thread-16344#
[StageAppStep] Application stage timeout is default one: 3,600 seconds#
#2026 08 14 08:08:41.772#Z#DEBUG#2a9679fe-97b7-11f1-91c3-eeee0a9f1a4c.OPERATION#flowable-async-job-executor-thread-16344#
[StageAppStep] Checking status of application "loyalty-rewards"...#
#2026 08 14 08:08:41.772#Z#DEBUG#2a9679fe-97b7-11f1-91c3-eeee0a9f1a4c.OPERATION#flowable-async-job-executor-thread-16344#
[StageAppStep] Getting build "b2b5911c-65d3-4b9d-aab4-086a121b532b"...#
#2026 08 14 08:08:41.808#Z#DEBUG#2a9679fe-97b7-11f1-91c3-eeee0a9f1a4c.OPERATION#flowable-async-job-executor-thread-16344#
[StageAppStep] Staging status of application "loyalty-rewards": PENDING#
#2026 08 14 08:08:41.809#Z#DEBUG#2a9679fe-97b7-11f1-91c3-eeee0a9f1a4c.OPERATION#flowable-async-job-executor-thread-16344#
[StageAppStep] Getting application guid "loyalty-rewards"...#
#2026 08 14 08:08:41.895#Z#DEBUG#2a9679fe-97b7-11f1-91c3-eeee0a9f1a4c.OPERATION#flowable-async-job-executor-thread-16344#
Step "Stage App" finished#
#2026 08 14 08:08:41.788#Z#DEBUG#2a9679fe-97b7-11f1-91c3-eeee0a9f1a4c.OPERATION#flowable-async-job-executor-thread-29104#
[StageAppStep] Executing task "stageAppTask" of process "4b0c914f-97b7-11f1-91c3-eeee0a9f1a4c"...#
#2026 08 14 08:08:41.790#Z#DEBUG#2a9679fe-97b7-11f1-91c3-eeee0a9f1a4c.OPERATION#flowable-async-job-executor-thread-29104#
[StageAppStep] Application stage timeout is default one: 3,600 seconds#
#2026 08 14 08:08:41.791#Z#DEBUG#2a9679fe-97b7-11f1-91c3-eeee0a9f1a4c.OPERATION#flowable-async-job-executor-thread-29104#
[StageAppStep] Checking status of application "loyalty-rewards-srv"...#
#2026 08 14 08:08:41.791#Z#DEBUG#2a9679fe-97b7-11f1-91c3-eeee0a9f1a4c.OPERATION#flowable-async-job-executor-thread-29104#
[StageAppStep] Getting build "63bbd82c-3eea-4d78-b8b5-64f96460fc38"...#
#2026 08 14 08:08:41.820#Z#DEBUG#2a9679fe-97b7-11f1-91c3-eeee0a9f1a4c.OPERATION#flowable-async-job-executor-thread-29104#
[StageAppStep] Staging status of application "loyalty-rewards-srv": PENDING#
#2026 08 14 08:08:41.822#Z#DEBUG#2a9679fe-97b7-11f1-91c3-eeee0a9f1a4c.OPERATION#flowable-async-job-executor-thread-29104#
[StageAppStep] Getting application guid "loyalty-rewards-srv"...#
#2026 08 14 08:08:41.912#Z#DEBUG#2a9679fe-97b7-11f1-91c3-eeee0a9f1a4c.OPERATION#flowable-async-job-executor-thread-29104#
Step "Stage App" finished#
#2026 08 14 08:08:51.831#Z#DEBUG#2a9679fe-97b7-11f1-91c3-eeee0a9f1a4c.OPERATION#flowable-async-job-executor-thread-29118#
[StageAppStep] Executing task "stageAppTask" of process "4b0c914f-97b7-11f1-91c3-eeee0a9f1a4c"...#
#2026 08 14 08:08:51.833#Z#DEBUG#2a9679fe-97b7-11f1-91c3-eeee0a9f1a4c.OPERATION#flowable-async-job-executor-thread-29118#
[StageAppStep] Application stage timeout is default one: 3,600 seconds#
#2026 08 14 08:08:51.834#Z#DEBUG#2a9679fe-97b7-11f1-91c3-eeee0a9f1a4c.OPERATION#flowable-async-job-executor-thread-29118#
[StageAppStep] Checking status of application "loyalty-rewards-srv"...#
#2026 08 14 08:08:51.834#Z#DEBUG#2a9679fe-97b7-11f1-91c3-eeee0a9f1a4c.OPERATION#flowable-async-job-executor-thread-29118#
[StageAppStep] Getting build "63bbd82c-3eea-4d78-b8b5-64f96460fc38"...#
#2026 08 14 08:08:51.865#Z#DEBUG#2a9679fe-97b7-11f1-91c3-eeee0a9f1a4c.OPERATION#flowable-async-job-executor-thread-29118#
[StageAppStep] Staging status of application "loyalty-rewards-srv": STAGED#
#2026 08 14 08:08:51.866#Z#DEBUG#2a9679fe-97b7-11f1-91c3-eeee0a9f1a4c.OPERATION#flowable-async-job-executor-thread-29118#
[StageAppStep] Getting application guid "loyalty-rewards-srv"...#
#2026 08 14 08:08:51.946#Z#DEBUG#2a9679fe-97b7-11f1-91c3-eeee0a9f1a4c.OPERATION#flowable-async-job-executor-thread-29118#
[StageAppStep] Getting build "63bbd82c-3eea-4d78-b8b5-64f96460fc38"...#
#2026 08 14 08:08:51.997#Z#DEBUG#2a9679fe-97b7-11f1-91c3-eeee0a9f1a4c.OPERATION#flowable-async-job-executor-thread-29118#
[StageAppStep] Binding droplet "9dc5d085-cfef-461d-bc12-6babac7b1e91" to application "f923befe-21d1-4fb4-b72b-f81c31059c6d"...#
#2026 08 14 08:08:52.049#Z#DEBUG#2a9679fe-97b7-11f1-91c3-eeee0a9f1a4c.OPERATION#flowable-async-job-executor-thread-29112#
[StageAppStep] Executing task "stageAppTask" of process "5128702a-97b7-11f1-9d40-eeee0a978ff2"...#
#2026 08 14 08:08:52.051#Z#DEBUG#2a9679fe-97b7-11f1-91c3-eeee0a9f1a4c.OPERATION#flowable-async-job-executor-thread-29112#
[StageAppStep] Application stage timeout is default one: 3,600 seconds#
#2026 08 14 08:08:52.053#Z#DEBUG#2a9679fe-97b7-11f1-91c3-eeee0a9f1a4c.OPERATION#flowable-async-job-executor-thread-29112#
[StageAppStep] Checking status of application "loyalty-rewards"...#
#2026 08 14 08:08:52.053#Z#DEBUG#2a9679fe-97b7-11f1-91c3-eeee0a9f1a4c.OPERATION#flowable-async-job-executor-thread-29112#
[StageAppStep] Getting build "b2b5911c-65d3-4b9d-aab4-086a121b532b"...#
#2026 08 14 08:08:52.057#Z#INFO#2a9679fe-97b7-11f1-91c3-eeee0a9f1a4c.OPERATION#flowable-async-job-executor-thread-29118#
[StageAppStep] Application "loyalty-rewards-srv" staged#
#2026 08 14 08:08:52.067#Z#DEBUG#2a9679fe-97b7-11f1-91c3-eeee0a9f1a4c.OPERATION#flowable-async-job-executor-thread-29118#
Step "Stage App" finished#
#2026 08 14 08:08:52.008#Z#DEBUG#2a9679fe-97b7-11f1-91c3-eeee0a9f1a4c.OPERATION#flowable-async-job-executor-thread-29113#
[ExecuteTaskStep] Executing task "executeTaskTask" of process "56f91624-97b7-11f1-b71a-eeee0a862d34"...#
#2026 08 14 08:08:52.010#Z#DEBUG#2a9679fe-97b7-11f1-91c3-eeee0a9f1a4c.OPERATION#flowable-async-job-executor-thread-29113#
[ExecuteTaskStep] Application task execution timeout is default one: 43,200 seconds#
#2026 08 14 08:08:52.012#Z#DEBUG#2a9679fe-97b7-11f1-91c3-eeee0a9f1a4c.OPERATION#flowable-async-job-executor-thread-29113#
[ExecuteTaskStep] Getting task "f28dff71-9e6f-4c07-a5b9-1180d5616327"...#
#2026 08 14 08:08:52.044#Z#DEBUG#2a9679fe-97b7-11f1-91c3-eeee0a9f1a4c.OPERATION#flowable-async-job-executor-thread-29113#
[ExecuteTaskStep] Task execution status: succeeded#
#2026 08 14 08:08:52.046#Z#DEBUG#2a9679fe-97b7-11f1-91c3-eeee0a9f1a4c.OPERATION#flowable-async-job-executor-thread-29113#
[ExecuteTaskStep] Getting application guid "loyalty-rewards-db-deployer"...#
#2026 08 14 08:08:52.169#Z#DEBUG#2a9679fe-97b7-11f1-91c3-eeee0a9f1a4c.OPERATION#flowable-async-job-executor-thread-29113#
Step "Execute Task" finished#
#2026 08 14 08:08:52.089#Z#DEBUG#2a9679fe-97b7-11f1-91c3-eeee0a9f1a4c.OPERATION#flowable-async-job-executor-thread-29112#
[StageAppStep] Staging status of application "loyalty-rewards": PENDING#
#2026 08 14 08:08:52.090#Z#DEBUG#2a9679fe-97b7-11f1-91c3-eeee0a9f1a4c.OPERATION#flowable-async-job-executor-thread-29112#
[StageAppStep] Getting application guid "loyalty-rewards"...#
#2026 08 14 08:08:52.178#Z#DEBUG#2a9679fe-97b7-11f1-91c3-eeee0a9f1a4c.OPERATION#flowable-async-job-executor-thread-29112#
Step "Stage App" finished#
#2026 08 14 08:08:52.266#Z#DEBUG#2a9679fe-97b7-11f1-91c3-eeee0a9f1a4c.OPERATION#flowable-async-job-executor-thread-29118#
[IncrementIndexStep] Executing task "incrementTaskIndexTask" of process "56f91624-97b7-11f1-b71a-eeee0a862d34"...#
#2026 08 14 08:08:52.272#Z#DEBUG#2a9679fe-97b7-11f1-91c3-eeee0a9f1a4c.OPERATION#flowable-async-job-executor-thread-29118#
Step "Increment Task Index" finished#
#2026 08 14 08:08:52.422#Z#DEBUG#2a9679fe-97b7-11f1-91c3-eeee0a9f1a4c.OPERATION#flowable-async-job-executor-thread-29118#
[PublishConfigurationEntriesStep] Executing task "publishProvidedDependenciesTask" of process "390256ef-97b7-11f1-91c3-eeee0a9f1a4c"...#
#2026 08 14 08:08:52.423#Z#DEBUG#2a9679fe-97b7-11f1-91c3-eeee0a9f1a4c.OPERATION#flowable-async-job-executor-thread-29118#
[PublishConfigurationEntriesStep] Publishing public provided dependencies for application "loyalty-rewards-db-deployer"...#
#2026 08 14 08:08:52.425#Z#DEBUG#2a9679fe-97b7-11f1-91c3-eeee0a9f1a4c.OPERATION#flowable-async-job-executor-thread-29118#
[PublishConfigurationEntriesStep] No public provided dependencies for publishing#
#2026 08 14 08:08:52.425#Z#DEBUG#2a9679fe-97b7-11f1-91c3-eeee0a9f1a4c.OPERATION#flowable-async-job-executor-thread-29118#
Step "Publish Provided Dependencies" finished#
#2026 08 14 08:08:52.462#Z#DEBUG#2a9679fe-97b7-11f1-91c3-eeee0a9f1a4c.OPERATION#flowable-async-job-executor-thread-29118#
[CreateOrUpdateServiceBrokerStep] Executing task "createOrUpdateServiceBrokerTask" of process "390256ef-97b7-11f1-91c3-eeee0a9f1a4c"...#
#2026 08 14 08:08:52.465#Z#DEBUG#2a9679fe-97b7-11f1-91c3-eeee0a9f1a4c.OPERATION#flowable-async-job-executor-thread-29118#
[CreateOrUpdateServiceBrokerStep] Creating service brokers...#
#2026 08 14 08:08:52.467#Z#DEBUG#2a9679fe-97b7-11f1-91c3-eeee0a9f1a4c.OPERATION#flowable-async-job-executor-thread-29118#
Step "Create Or Update Service Broker " finished#
#2026 08 14 08:08:52.221#Z#DEBUG#2a9679fe-97b7-11f1-91c3-eeee0a9f1a4c.OPERATION#flowable-async-job-executor-thread-29112#
[RestartAppStep] Executing task "startAppTask" of process "4b0c914f-97b7-11f1-91c3-eeee0a9f1a4c"...#
#2026 08 14 08:08:52.227#Z#DEBUG#2a9679fe-97b7-11f1-91c3-eeee0a9f1a4c.OPERATION#flowable-async-job-executor-thread-29112#
[RestartAppStep] Application start timeout is default one: 3,600 seconds#
#2026 08 14 08:08:52.243#Z#DEBUG#2a9679fe-97b7-11f1-91c3-eeee0a9f1a4c.OPERATION#flowable-async-job-executor-thread-29112#
[RestartAppStep] Getting application "loyalty-rewards-srv"...#
#2026 08 14 08:08:52.278#Z#INFO#2a9679fe-97b7-11f1-91c3-eeee0a9f1a4c.OPERATION#flowable-async-job-executor-thread-29112#
[RestartAppStep] Starting application "loyalty-rewards-srv"...#
#2026 08 14 08:08:52.288#Z#DEBUG#2a9679fe-97b7-11f1-91c3-eeee0a9f1a4c.OPERATION#flowable-async-job-executor-thread-29112#
[RestartAppStep] Starting application "loyalty-rewards-srv"...#
#2026 08 14 08:08:52.598#Z#DEBUG#2a9679fe-97b7-11f1-91c3-eeee0a9f1a4c.OPERATION#flowable-async-job-executor-thread-29112#
Step "Start App" finished#
#2026 08 14 08:09:02.377#Z#DEBUG#2a9679fe-97b7-11f1-91c3-eeee0a9f1a4c.OPERATION#flowable-async-job-executor-thread-29119#
[RestartAppStep] Executing task "startAppTask" of process "634d36f3-97b7-11f1-b71a-eeee0a862d34"...#
#2026 08 14 08:09:02.381#Z#DEBUG#2a9679fe-97b7-11f1-91c3-eeee0a9f1a4c.OPERATION#flowable-async-job-executor-thread-29119#
[RestartAppStep] Application start timeout is default one: 3,600 seconds#
#2026 08 14 08:09:02.383#Z#DEBUG#2a9679fe-97b7-11f1-91c3-eeee0a9f1a4c.OPERATION#flowable-async-job-executor-thread-29119#
[RestartAppStep] Checking status of application "loyalty-rewards-srv"...#
#2026 08 14 08:09:02.383#Z#DEBUG#2a9679fe-97b7-11f1-91c3-eeee0a9f1a4c.OPERATION#flowable-async-job-executor-thread-29119#
[RestartAppStep] Getting application "loyalty-rewards-srv"...#
#2026 08 14 08:09:02.406#Z#DEBUG#2a9679fe-97b7-11f1-91c3-eeee0a9f1a4c.OPERATION#flowable-async-job-executor-thread-29119#
[RestartAppStep] Getting instances for application "loyalty-rewards-srv"...#
#2026 08 14 08:09:02.452#Z#DEBUG#2a9679fe-97b7-11f1-91c3-eeee0a9f1a4c.OPERATION#flowable-async-job-executor-thread-29119#
[RestartAppStep] Application "loyalty-rewards-srv": 1 of 1 instances running (1 running)#
#2026 08 14 08:09:02.490#Z#DEBUG#2a9679fe-97b7-11f1-91c3-eeee0a9f1a4c.OPERATION#flowable-async-job-executor-thread-29119#
[RestartAppStep] Getting routes for application "f923befe-21d1-4fb4-b72b-f81c31059c6d"...#
#2026 08 14 08:09:02.522#Z#INFO#2a9679fe-97b7-11f1-91c3-eeee0a9f1a4c.OPERATION#flowable-async-job-executor-thread-29119#
[RestartAppStep] Application "loyalty-rewards-srv" started and available at "9231c958trial-dev-loyalty-rewards-srv.cfapps.us10-001.hana.ondemand.com"#
#2026 08 14 08:09:02.528#Z#DEBUG#2a9679fe-97b7-11f1-91c3-eeee0a9f1a4c.OPERATION#flowable-async-job-executor-thread-29119#
Step "Start App" finished#
#2026 08 14 08:09:02.331#Z#DEBUG#2a9679fe-97b7-11f1-91c3-eeee0a9f1a4c.OPERATION#flowable-async-job-executor-thread-29122#
[StageAppStep] Executing task "stageAppTask" of process "5128702a-97b7-11f1-9d40-eeee0a978ff2"...#
#2026 08 14 08:09:02.335#Z#DEBUG#2a9679fe-97b7-11f1-91c3-eeee0a9f1a4c.OPERATION#flowable-async-job-executor-thread-29122#
[StageAppStep] Application stage timeout is default one: 3,600 seconds#
#2026 08 14 08:09:02.336#Z#DEBUG#2a9679fe-97b7-11f1-91c3-eeee0a9f1a4c.OPERATION#flowable-async-job-executor-thread-29122#
[StageAppStep] Checking status of application "loyalty-rewards"...#
#2026 08 14 08:09:02.336#Z#DEBUG#2a9679fe-97b7-11f1-91c3-eeee0a9f1a4c.OPERATION#flowable-async-job-executor-thread-29122#
[StageAppStep] Getting build "b2b5911c-65d3-4b9d-aab4-086a121b532b"...#
#2026 08 14 08:09:02.364#Z#DEBUG#2a9679fe-97b7-11f1-91c3-eeee0a9f1a4c.OPERATION#flowable-async-job-executor-thread-29122#
[StageAppStep] Staging status of application "loyalty-rewards": STAGED#
#2026 08 14 08:09:02.365#Z#DEBUG#2a9679fe-97b7-11f1-91c3-eeee0a9f1a4c.OPERATION#flowable-async-job-executor-thread-29122#
[StageAppStep] Getting application guid "loyalty-rewards"...#
#2026 08 14 08:09:02.458#Z#DEBUG#2a9679fe-97b7-11f1-91c3-eeee0a9f1a4c.OPERATION#flowable-async-job-executor-thread-29122#
[StageAppStep] Getting build "b2b5911c-65d3-4b9d-aab4-086a121b532b"...#
#2026 08 14 08:09:02.494#Z#DEBUG#2a9679fe-97b7-11f1-91c3-eeee0a9f1a4c.OPERATION#flowable-async-job-executor-thread-29122#
[StageAppStep] Binding droplet "51f4b4b8-f2fd-41f8-a54c-c2866724d7ba" to application "d3e0f941-7b61-4f8d-974e-4f6f681f7d80"...#
#2026 08 14 08:09:02.540#Z#INFO#2a9679fe-97b7-11f1-91c3-eeee0a9f1a4c.OPERATION#flowable-async-job-executor-thread-29122#
[StageAppStep] Application "loyalty-rewards" staged#
#2026 08 14 08:09:02.551#Z#DEBUG#2a9679fe-97b7-11f1-91c3-eeee0a9f1a4c.OPERATION#flowable-async-job-executor-thread-29122#
Step "Stage App" finished#
#2026 08 14 08:09:02.602#Z#DEBUG#2a9679fe-97b7-11f1-91c3-eeee0a9f1a4c.OPERATION#flowable-async-job-executor-thread-29122#
[RestartAppStep] Executing task "startAppTask" of process "5128702a-97b7-11f1-9d40-eeee0a978ff2"...#
#2026 08 14 08:09:02.607#Z#DEBUG#2a9679fe-97b7-11f1-91c3-eeee0a9f1a4c.OPERATION#flowable-async-job-executor-thread-29122#
[RestartAppStep] Application start timeout is default one: 3,600 seconds#
#2026 08 14 08:09:02.615#Z#DEBUG#2a9679fe-97b7-11f1-91c3-eeee0a9f1a4c.OPERATION#flowable-async-job-executor-thread-29122#
[RestartAppStep] Getting application "loyalty-rewards"...#
#2026 08 14 08:09:02.652#Z#INFO#2a9679fe-97b7-11f1-91c3-eeee0a9f1a4c.OPERATION#flowable-async-job-executor-thread-29122#
[RestartAppStep] Starting application "loyalty-rewards"...#
#2026 08 14 08:09:02.657#Z#DEBUG#2a9679fe-97b7-11f1-91c3-eeee0a9f1a4c.OPERATION#flowable-async-job-executor-thread-29122#
[RestartAppStep] Starting application "loyalty-rewards"...#
#2026 08 14 08:09:02.892#Z#DEBUG#2a9679fe-97b7-11f1-91c3-eeee0a9f1a4c.OPERATION#flowable-async-job-executor-thread-29122#
Step "Start App" finished#
#2026 08 14 08:09:11.983#Z#DEBUG#2a9679fe-97b7-11f1-91c3-eeee0a9f1a4c.OPERATION#flowable-async-job-executor-thread-29129#
[RestartAppStep] Executing task "startAppTask" of process "6938b800-97b7-11f1-b71a-eeee0a862d34"...#
#2026 08 14 08:09:11.987#Z#DEBUG#2a9679fe-97b7-11f1-91c3-eeee0a9f1a4c.OPERATION#flowable-async-job-executor-thread-29129#
[RestartAppStep] Application start timeout is default one: 3,600 seconds#
#2026 08 14 08:09:11.991#Z#DEBUG#2a9679fe-97b7-11f1-91c3-eeee0a9f1a4c.OPERATION#flowable-async-job-executor-thread-29129#
Step "Start App" finished#
#2026 08 14 08:09:12.279#Z#DEBUG#2a9679fe-97b7-11f1-91c3-eeee0a9f1a4c.OPERATION#flowable-async-job-executor-thread-29130#
[PrepareToExecuteTasksStep] Executing task "prepareToExecuteTasksTask" of process "6ef47650-97b7-11f1-b71a-eeee0a862d34"...#
#2026 08 14 08:09:12.283#Z#DEBUG#2a9679fe-97b7-11f1-91c3-eeee0a9f1a4c.OPERATION#flowable-async-job-executor-thread-29130#
Step "Prepare To Execute Tasks" finished#
#2026 08 14 08:09:12.364#Z#DEBUG#2a9679fe-97b7-11f1-91c3-eeee0a9f1a4c.OPERATION#flowable-async-job-executor-thread-29130#
[RestartAppStep] Executing task "startAppTask" of process "69701bcf-97b7-11f1-b71a-eeee0a862d34"...#
#2026 08 14 08:09:12.368#Z#DEBUG#2a9679fe-97b7-11f1-91c3-eeee0a9f1a4c.OPERATION#flowable-async-job-executor-thread-29130#
[RestartAppStep] Application start timeout is default one: 3,600 seconds#
#2026 08 14 08:09:12.369#Z#DEBUG#2a9679fe-97b7-11f1-91c3-eeee0a9f1a4c.OPERATION#flowable-async-job-executor-thread-29130#
[RestartAppStep] Checking status of application "loyalty-rewards"...#
#2026 08 14 08:09:12.369#Z#DEBUG#2a9679fe-97b7-11f1-91c3-eeee0a9f1a4c.OPERATION#flowable-async-job-executor-thread-29130#
[RestartAppStep] Getting application "loyalty-rewards"...#
#2026 08 14 08:09:12.399#Z#DEBUG#2a9679fe-97b7-11f1-91c3-eeee0a9f1a4c.OPERATION#flowable-async-job-executor-thread-29130#
[RestartAppStep] Getting instances for application "loyalty-rewards"...#
#2026 08 14 08:09:12.454#Z#DEBUG#2a9679fe-97b7-11f1-91c3-eeee0a9f1a4c.OPERATION#flowable-async-job-executor-thread-29130#
[RestartAppStep] Application "loyalty-rewards": 0 of 1 instances running (1 starting)#
#2026 08 14 08:09:12.520#Z#DEBUG#2a9679fe-97b7-11f1-91c3-eeee0a9f1a4c.OPERATION#flowable-async-job-executor-thread-29130#
Step "Start App" finished#
#2026 08 14 08:09:12.647#Z#DEBUG#2a9679fe-97b7-11f1-91c3-eeee0a9f1a4c.OPERATION#flowable-async-job-executor-thread-29131#
[PublishConfigurationEntriesStep] Executing task "publishProvidedDependenciesTask" of process "6edc8130-97b7-11f1-b71a-eeee0a862d34"...#
#2026 08 14 08:09:12.649#Z#DEBUG#2a9679fe-97b7-11f1-91c3-eeee0a9f1a4c.OPERATION#flowable-async-job-executor-thread-29131#
[PublishConfigurationEntriesStep] Publishing public provided dependencies for application "loyalty-rewards-srv"...#
#2026 08 14 08:09:12.650#Z#DEBUG#2a9679fe-97b7-11f1-91c3-eeee0a9f1a4c.OPERATION#flowable-async-job-executor-thread-29131#
[PublishConfigurationEntriesStep] No public provided dependencies for publishing#
#2026 08 14 08:09:12.650#Z#DEBUG#2a9679fe-97b7-11f1-91c3-eeee0a9f1a4c.OPERATION#flowable-async-job-executor-thread-29131#
Step "Publish Provided Dependencies" finished#
#2026 08 14 08:09:12.736#Z#DEBUG#2a9679fe-97b7-11f1-91c3-eeee0a9f1a4c.OPERATION#flowable-async-job-executor-thread-29126#
[CreateOrUpdateServiceBrokerStep] Executing task "createOrUpdateServiceBrokerTask" of process "6edc8130-97b7-11f1-b71a-eeee0a862d34"...#
#2026 08 14 08:09:12.738#Z#DEBUG#2a9679fe-97b7-11f1-91c3-eeee0a9f1a4c.OPERATION#flowable-async-job-executor-thread-29126#
[CreateOrUpdateServiceBrokerStep] Creating service brokers...#
#2026 08 14 08:09:12.739#Z#DEBUG#2a9679fe-97b7-11f1-91c3-eeee0a9f1a4c.OPERATION#flowable-async-job-executor-thread-29126#
Step "Create Or Update Service Broker " finished#
#2026 08 14 08:09:22.952#Z#DEBUG#2a9679fe-97b7-11f1-91c3-eeee0a9f1a4c.OPERATION#flowable-async-job-executor-thread-14988#
[RestartAppStep] Executing task "startAppTask" of process "6f2dae3f-97b7-11f1-b71a-eeee0a862d34"...#
#2026 08 14 08:09:22.957#Z#DEBUG#2a9679fe-97b7-11f1-91c3-eeee0a9f1a4c.OPERATION#flowable-async-job-executor-thread-14988#
[RestartAppStep] Application start timeout is default one: 3,600 seconds#
#2026 08 14 08:09:22.958#Z#DEBUG#2a9679fe-97b7-11f1-91c3-eeee0a9f1a4c.OPERATION#flowable-async-job-executor-thread-14988#
[RestartAppStep] Checking status of application "loyalty-rewards"...#
#2026 08 14 08:09:22.960#Z#DEBUG#2a9679fe-97b7-11f1-91c3-eeee0a9f1a4c.OPERATION#flowable-async-job-executor-thread-14988#
[RestartAppStep] Getting instances for application "loyalty-rewards"...#
#2026 08 14 08:09:23.017#Z#DEBUG#2a9679fe-97b7-11f1-91c3-eeee0a9f1a4c.OPERATION#flowable-async-job-executor-thread-14988#
[RestartAppStep] Application "loyalty-rewards": 1 of 1 instances running (1 running)#
#2026 08 14 08:09:23.070#Z#DEBUG#2a9679fe-97b7-11f1-91c3-eeee0a9f1a4c.OPERATION#flowable-async-job-executor-thread-14988#
[RestartAppStep] Getting routes for application "d3e0f941-7b61-4f8d-974e-4f6f681f7d80"...#
#2026 08 14 08:09:23.116#Z#INFO#2a9679fe-97b7-11f1-91c3-eeee0a9f1a4c.OPERATION#flowable-async-job-executor-thread-14988#
[RestartAppStep] Application "loyalty-rewards" started and available at "9231c958trial-dev-loyalty-rewards.cfapps.us10-001.hana.ondemand.com"#
#2026 08 14 08:09:23.127#Z#DEBUG#2a9679fe-97b7-11f1-91c3-eeee0a9f1a4c.OPERATION#flowable-async-job-executor-thread-14988#
Step "Start App" finished#
#2026 08 14 08:09:32.739#Z#DEBUG#2a9679fe-97b7-11f1-91c3-eeee0a9f1a4c.OPERATION#flowable-async-job-executor-thread-15009#
[RestartAppStep] Executing task "startAppTask" of process "75816683-97b7-11f1-9d40-eeee0a978ff2"...#
#2026 08 14 08:09:32.743#Z#DEBUG#2a9679fe-97b7-11f1-91c3-eeee0a9f1a4c.OPERATION#flowable-async-job-executor-thread-15009#
[RestartAppStep] Application start timeout is default one: 3,600 seconds#
#2026 08 14 08:09:32.747#Z#DEBUG#2a9679fe-97b7-11f1-91c3-eeee0a9f1a4c.OPERATION#flowable-async-job-executor-thread-15009#
Step "Start App" finished#
#2026 08 14 08:09:33.416#Z#DEBUG#2a9679fe-97b7-11f1-91c3-eeee0a9f1a4c.OPERATION#flowable-async-job-executor-thread-15010#
[PrepareToExecuteTasksStep] Executing task "prepareToExecuteTasksTask" of process "7b505f2c-97b7-11f1-9d40-eeee0a978ff2"...#
#2026 08 14 08:09:33.424#Z#DEBUG#2a9679fe-97b7-11f1-91c3-eeee0a9f1a4c.OPERATION#flowable-async-job-executor-thread-15010#
Step "Prepare To Execute Tasks" finished#
#2026 08 14 08:09:33.694#Z#DEBUG#2a9679fe-97b7-11f1-91c3-eeee0a9f1a4c.OPERATION#flowable-async-job-executor-thread-15004#
[PublishConfigurationEntriesStep] Executing task "publishProvidedDependenciesTask" of process "7b3c3aaf-97b7-11f1-9d40-eeee0a978ff2"...#
#2026 08 14 08:09:33.697#Z#DEBUG#2a9679fe-97b7-11f1-91c3-eeee0a9f1a4c.OPERATION#flowable-async-job-executor-thread-15004#
[PublishConfigurationEntriesStep] Publishing public provided dependencies for application "loyalty-rewards"...#
#2026 08 14 08:09:33.699#Z#DEBUG#2a9679fe-97b7-11f1-91c3-eeee0a9f1a4c.OPERATION#flowable-async-job-executor-thread-15004#
[PublishConfigurationEntriesStep] No public provided dependencies for publishing#
#2026 08 14 08:09:33.699#Z#DEBUG#2a9679fe-97b7-11f1-91c3-eeee0a9f1a4c.OPERATION#flowable-async-job-executor-thread-15004#
Step "Publish Provided Dependencies" finished#
#2026 08 14 08:09:33.785#Z#DEBUG#2a9679fe-97b7-11f1-91c3-eeee0a9f1a4c.OPERATION#flowable-async-job-executor-thread-15004#
[CreateOrUpdateServiceBrokerStep] Executing task "createOrUpdateServiceBrokerTask" of process "7b3c3aaf-97b7-11f1-9d40-eeee0a978ff2"...#
#2026 08 14 08:09:33.789#Z#DEBUG#2a9679fe-97b7-11f1-91c3-eeee0a9f1a4c.OPERATION#flowable-async-job-executor-thread-15004#
[CreateOrUpdateServiceBrokerStep] Creating service brokers...#
#2026 08 14 08:09:33.791#Z#DEBUG#2a9679fe-97b7-11f1-91c3-eeee0a9f1a4c.OPERATION#flowable-async-job-executor-thread-15004#
Step "Create Or Update Service Broker " finished#
#2026 08 14 08:09:34.204#Z#DEBUG#2a9679fe-97b7-11f1-91c3-eeee0a9f1a4c.OPERATION#flowable-async-job-executor-thread-15004#
[CreateSubscriptionsStep] Executing task "createSubscriptionsTask" of process "7bf8fac9-97b7-11f1-9d40-eeee0a978ff2"...#
#2026 08 14 08:09:34.205#Z#DEBUG#2a9679fe-97b7-11f1-91c3-eeee0a9f1a4c.OPERATION#flowable-async-job-executor-thread-15004#
[CreateSubscriptionsStep] Creating subscriptions...#
#2026 08 14 08:09:34.206#Z#DEBUG#2a9679fe-97b7-11f1-91c3-eeee0a9f1a4c.OPERATION#flowable-async-job-executor-thread-15004#
[CreateSubscriptionsStep] Subscriptions created#
#2026 08 14 08:09:34.206#Z#DEBUG#2a9679fe-97b7-11f1-91c3-eeee0a9f1a4c.OPERATION#flowable-async-job-executor-thread-15004#
Step "Create Subscriptions" finished#
#2026 08 14 08:09:34.236#Z#DEBUG#2a9679fe-97b7-11f1-91c3-eeee0a9f1a4c.OPERATION#flowable-async-job-executor-thread-15004#
[DeleteSubscriptionsStep] Executing task "deleteSubscriptionsTask" of process "7bf8fac9-97b7-11f1-9d40-eeee0a978ff2"...#
#2026 08 14 08:09:34.237#Z#DEBUG#2a9679fe-97b7-11f1-91c3-eeee0a9f1a4c.OPERATION#flowable-async-job-executor-thread-15004#
[DeleteSubscriptionsStep] Deleting discontinued subscriptions...#
#2026 08 14 08:09:34.239#Z#DEBUG#2a9679fe-97b7-11f1-91c3-eeee0a9f1a4c.OPERATION#flowable-async-job-executor-thread-15004#
[DeleteSubscriptionsStep] Subscriptions to delete: [ ]#
#2026 08 14 08:09:34.239#Z#DEBUG#2a9679fe-97b7-11f1-91c3-eeee0a9f1a4c.OPERATION#flowable-async-job-executor-thread-15004#
[DeleteSubscriptionsStep] Deleted discontinued subscriptions#
#2026 08 14 08:09:34.239#Z#DEBUG#2a9679fe-97b7-11f1-91c3-eeee0a9f1a4c.OPERATION#flowable-async-job-executor-thread-15004#
Step "Delete Subscriptions" finished#
#2026 08 14 08:09:34.266#Z#DEBUG#2a9679fe-97b7-11f1-91c3-eeee0a9f1a4c.OPERATION#flowable-async-job-executor-thread-15004#
[DeleteDiscontinuedConfigurationEntriesStep] Executing task "deleteDiscontinuedConfigurationEntriesTask" of process "7bf8fac9-97b7-11f1-9d40-eeee0a978ff2"...#
#2026 08 14 08:09:34.267#Z#DEBUG#2a9679fe-97b7-11f1-91c3-eeee0a9f1a4c.OPERATION#flowable-async-job-executor-thread-15004#
[DeleteDiscontinuedConfigurationEntriesStep] Deleting discontinued published dependencies...#
#2026 08 14 08:09:34.367#Z#DEBUG#2a9679fe-97b7-11f1-91c3-eeee0a9f1a4c.OPERATION#flowable-async-job-executor-thread-15004#
[DeleteDiscontinuedConfigurationEntriesStep] Deleted entries: [ ]#
#2026 08 14 08:09:34.367#Z#DEBUG#2a9679fe-97b7-11f1-91c3-eeee0a9f1a4c.OPERATION#flowable-async-job-executor-thread-15004#
[DeleteDiscontinuedConfigurationEntriesStep] Discontinued published dependencies deleted#
#2026 08 14 08:09:34.368#Z#DEBUG#2a9679fe-97b7-11f1-91c3-eeee0a9f1a4c.OPERATION#flowable-async-job-executor-thread-15004#
Step "Delete Discontinued Configuration Entries" finished#
#2026 08 14 08:09:34.375#Z#WARN#2a9679fe-97b7-11f1-91c3-eeee0a9f1a4c.OPERATION#flowable-async-job-executor-thread-15004#
[DoNotDeleteServicesListener] Skipping deletion of services, because the command line option "--delete-services" is not specified.#
#2026 08 14 08:09:34.418#Z#DEBUG#2a9679fe-97b7-11f1-91c3-eeee0a9f1a4c.OPERATION#flowable-async-job-executor-thread-15004#
[DetachServicesFromMtaStep] Executing task "detachServicesFromMtaTask" of process "7c336bea-97b7-11f1-9d40-eeee0a978ff2"...#
#2026 08 14 08:09:34.419#Z#DEBUG#2a9679fe-97b7-11f1-91c3-eeee0a9f1a4c.OPERATION#flowable-async-job-executor-thread-15004#
[DetachServicesFromMtaStep] Detaching services from MTA...#
#2026 08 14 08:09:34.420#Z#DEBUG#2a9679fe-97b7-11f1-91c3-eeee0a9f1a4c.OPERATION#flowable-async-job-executor-thread-15004#
[DetachServicesFromMtaStep] Getting service instances without auxiliary content by names []...#
#2026 08 14 08:09:34.420#Z#DEBUG#2a9679fe-97b7-11f1-91c3-eeee0a9f1a4c.OPERATION#flowable-async-job-executor-thread-15004#
[DetachServicesFromMtaStep] Detached services from MTA#
#2026 08 14 08:09:34.420#Z#DEBUG#2a9679fe-97b7-11f1-91c3-eeee0a9f1a4c.OPERATION#flowable-async-job-executor-thread-15004#
Step "Detach Services from MTA" finished#
#2026 08 14 08:09:34.452#Z#DEBUG#2a9679fe-97b7-11f1-91c3-eeee0a9f1a4c.OPERATION#flowable-async-job-executor-thread-15004#
[UpdateSubscribersStep] Executing task "updateSubscribersTask" of process "7c336bea-97b7-11f1-9d40-eeee0a978ff2"...#
#2026 08 14 08:09:34.453#Z#DEBUG#2a9679fe-97b7-11f1-91c3-eeee0a9f1a4c.OPERATION#flowable-async-job-executor-thread-15004#
[UpdateSubscribersStep] Updating subscribers...#
#2026 08 14 08:09:34.578#Z#DEBUG#2a9679fe-97b7-11f1-91c3-eeee0a9f1a4c.OPERATION#flowable-async-job-executor-thread-15004#
[UpdateSubscribersStep] Subscribers updated#
#2026 08 14 08:09:34.578#Z#DEBUG#2a9679fe-97b7-11f1-91c3-eeee0a9f1a4c.OPERATION#flowable-async-job-executor-thread-15004#
Step "Update Subscribers" finished#
#2026 08 14 08:09:34.624#Z#DEBUG#2a9679fe-97b7-11f1-91c3-eeee0a9f1a4c.OPERATION#flowable-async-job-executor-thread-15004#
[RestartSubscribersStep] Executing task "restartSubscribersTask" of process "7c336bea-97b7-11f1-9d40-eeee0a978ff2"...#
#2026 08 14 08:09:34.627#Z#DEBUG#2a9679fe-97b7-11f1-91c3-eeee0a9f1a4c.OPERATION#flowable-async-job-executor-thread-15004#
Step "Restart Subscribers" finished#
#2026 08 14 08:09:34.671#Z#DEBUG#2a9679fe-97b7-11f1-91c3-eeee0a9f1a4c.OPERATION#flowable-async-job-executor-thread-15004#
[PrepareToRestartServiceBrokerSubscribersStep] Executing task "prepareToRestartServiceBrokerSubscribersTask" of process "7c336bea-97b7-11f1-9d40-eeee0a978ff2"...#
#2026 08 14 08:09:34.680#Z#DEBUG#2a9679fe-97b7-11f1-91c3-eeee0a9f1a4c.OPERATION#flowable-async-job-executor-thread-15004#
Step "Prepare To Restart Service Brokers Subscribers" finished#
